,현재가,거래량,체결시간,시가,고가,저가,대업종구분,소업종구분,종목정보,전일종가
0,-31550,7289,20231023153000,+31544,+31550,+31541,,,,
1,-31544,5755,20231023150000,+31531,+31584,+31509,,,,
2,-31542,6370,20231023143000,+31567,+31572,+31513,,,,
3,-31565,5832,20231023140000,+31537,+31589,+31520,,,,
4,-31544,5214,20231023133000,+31610,+31627,+31533,,,,
5,-31610,4369,20231023130000,+31587,+31676,+31583,,,,
6,-31601,3352,20231023123000,+31615,+31637,+31581,,,,
7,-31615,3545,20231023120000,+31602,+31633,+31572,,,,
8,-31604,4105,20231023113000,+31643,+31675,+31586,,,,
9,-31642,5415,20231023110000,+31732,+31739,+31624,,,,
10,-31719,4909,20231023103000,+31763,+31784,+31700,,,,
11,-31763,6023,20231023100000,+31767,+31796,-31700,,,,
12,-31765,7547,20231023093000,-31645,+31795,-31626,,,,
13,-31644,17593,20231023090000,+31743,+31830,+31600,,,,
14,-31796,13092,20231020153000,+31790,+31800,+31780,,,,
15,-31790,6869,20231020150000,+31799,+31843,+31773,,,,
16,-31794,8534,20231020143000,+31949,+31953,+31771,,,,
17,-31947,6363,20231020140000,+31966,+31971,+31901,,,,
18,-31953,7059,20231020133000,+31914,+31993,+31914,,,,
19,-31931,4983,20231020130000,+31885,+31939,+31869,,,,
20,-31882,4437,20231020123000,+31856,+31924,+31821,,,,
21,-31856,4158,20231020120000,+31839,+31889,+31831,,,,
22,-31842,5301,20231020113000,+31713,+31861,+31694,,,,
23,-31713,5438,20231020110000,+31716,+31766,+31691,,,,
24,-31715,6257,20231020103000,+31740,+31762,+31691,,,,
25,-31727,9107,20231020100000,+31692,+31767,+31628,,,,
26,-31689,10869,20231020093000,+31796,+31799,+31647,,,,
27,-31776,20247,20231020090000,+31945,+32018,+31744,,,,
28,-32276,13221,20231019153000,+32287,+32287,+32275,,,,
29,-32287,6876,20231019150000,+32295,+32306,+32255,,,,
30,-32296,7508,20231019143000,+32304,+32318,+32265,,,,
31,-32288,6047,20231019140000,+32322,+32337,+32285,,,,
32,-32318,6248,20231019133000,+32307,+32336,+32263,,,,
33,-32306,5310,20231019130000,+32323,+32342,+32297,,,,
34,-32321,4570,20231019123000,+32273,+32333,+32258,,,,
35,-32259,5952,20231019120000,+32307,+32346,+32240,,,,
36,-32320,5724,20231019113000,+32355,+32360,+32299,,,,
37,-32335,6057,20231019110000,+32368,+32418,+32335,,,,
38,-32370,7654,20231019103000,+32481,+32508,+32351,,,,
39,-32467,7697,20231019100000,+32462,+32493,+32383,,,,
40,-32461,9755,20231019093000,+32371,+32483,+32345,,,,
41,-32369,23095,20231019090000,+32475,+32484,+32328,,,,
42,+32882,20327,20231018153000,+32879,+32882,+32868,,,,
43,+32879,8429,20231018150000,+32869,+32906,+32843,,,,
44,+32881,11737,20231018143000,+32804,+32885,+32804,,,,
45,+32822,8017,20231018140000,+32856,+32857,+32803,,,,
46,+32858,8080,20231018133000,+32846,+32892,+32833,,,,
47,+32833,7467,20231018130000,+32877,+32889,+32827,,,,
48,+32866,6128,20231018123000,+32870,+32882,+32836,,,,
49,+32857,6300,20231018120000,+32865,+32901,+32842,,,,
50,+32850,4837,20231018113000,+32842,+32876,+32793,,,,
51,+32856,5704,20231018110000,+32766,+32866,+32766,,,,
52,+32782,6787,20231018103000,+32817,+32842,+32760,,,,
53,+32822,7358,20231018100000,+32739,+32822,-32700,,,,
54,+32741,12256,20231018093000,+32737,+32829,-32715,,,,
55,-32719,20703,20231018090000,-32632,+32770,-32612,,,,
56,+32735,6633,20231017153000,+32763,+32763,+32735,,,,
57,+32763,6704,20231017150000,+32764,+32826,+32749,,,,
58,+32763,6613,20231017143000,+32727,+32811,+32714,,,,
59,+32720,5160,20231017140000,+32739,+32784,+32698,,,,
60,+32740,4970,20231017133000,+32779,+32797,+32715,,,,
61,+32784,5055,20231017130000,+32749,+32809,+32725,,,,
62,+32746,5155,20231017123000,+32798,+32809,+32691,,,,
63,+32788,6924,20231017120000,+32639,+32801,+32626,,,,
64,+32634,4025,20231017113000,+32615,+32663,+32597,,,,
65,+32615,3748,20231017110000,+32621,+32672,+32581,,,,
66,+32633,5436,20231017103000,+32533,+32646,+32501,,,,
67,+32530,6160,20231017100000,+32587,+32598,+32515,,,,
68,+32585,7712,20231017093000,+32588,+32615,+32506,,,,
69,+32604,14166,20231017090000,+32570,+32631,+32527,,,,
70,-32329,9563,20231016153000,+32354,+32358,+32329,,,,
71,-32354,5851,20231016150000,+32283,+32373,+32272,,,,
72,-32285,7985,20231016143000,+32274,+32297,+32209,,,,
73,-32273,6559,20231016140000,+32211,+32279,+32191,,,,
74,-32195,4386,20231016133000,+32181,+32217,+32146,,,,
75,-32167,4149,20231016130000,+32175,+32199,+32132,,,,
76,-32182,3385,20231016123000,+32156,+32184,+32134,,,,
77,-32154,5137,20231016120000,+32238,+32248,+32132,,,,
78,-32236,3729,20231016113000,+32276,+32299,+32223,,,,
79,-32277,5151,20231016110000,+32292,+32315,+32219,,,,
80,-32292,5128,20231016103000,+32394,+32424,+32292,,,,
81,-32395,6787,20231016100000,+32381,+32476,+32364,,,,
82,-32401,7490,20231016093000,+32500,+32522,+32350,,,,
83,-32498,17797,20231016090000,-32410,+32600,-32393,,,,
84,-32577,5253,20231013153000,+32593,+32595,+32577,,,,
85,-32593,4872,20231013150000,+32602,+32613,+32570,,,,
86,-32607,5790,20231013143000,+32606,+32617,+32572,,,,
87,-32591,5535,20231013140000,+32572,+32612,+32547,,,,
88,-32574,4880,20231013133000,+32609,+32631,+32550,,,,
89,-32611,4585,20231013130000,+32617,+32646,+32585,,,,
90,-32634,5165,20231013123000,+32610,+32642,+32560,,,,
91,-32624,4083,20231013120000,+32656,+32675,+32606,,,,
92,-32657,4654,20231013113000,+32660,+32677,+32638,,,,
93,-32674,5190,20231013110000,+32639,+32701,+32629,,,,
94,-32655,6780,20231013103000,+32658,+32674,+32591,,,,
95,-32658,6517,20231013100000,+32656,+32699,+32606,,,,
96,-32657,9817,20231013093000,+32640,+32685,+32573,,,,
97,-32642,18654,20231013090000,+32611,+32733,+32543,,,,
98,+32885,19027,20231012153000,+32848,+32885,+32844,,,,
99,+32848,5904,20231012150000,+32749,+32874,+32720,,,,
100,+32742,7277,20231012143000,+32734,+32784,+32698,,,,
101,+32723,5047,20231012140000,+32738,+32760,+32698,,,,
102,+32755,5026,20231012133000,+32747,+32781,+32724,,,,
103,+32764,5224,20231012130000,+32771,+32803,+32741,,,,
104,+32768,4087,20231012123000,+32747,+32803,+32736,,,,
105,+32746,3730,20231012120000,+32735,+32761,+32708,,,,
106,+32735,4995,20231012113000,+32809,+32820,+32701,,,,
107,+32792,5414,20231012110000,+32800,+32819,+32741,,,,
108,+32801,6236,20231012103000,+32790,+32839,+32773,,,,
109,+32772,8522,20231012100000,+32855,+32858,+32741,,,,
110,+32842,9902,20231012093000,+32781,+32860,+32753,,,,
111,+32764,18429,20231012090000,+32689,+32834,+32689,,,,
112,+32474,15101,20231011153000,+32479,+32479,+32458,,,,
113,+32479,6913,20231011150000,+32573,+32579,+32421,,,,
114,+32554,6858,20231011143000,+32613,+32644,+32551,,,,
115,+32618,7116,20231011140000,+32568,+32643,+32541,,,,
116,+32556,7806,20231011133000,+32630,+32636,+32537,,,,
117,+32630,8462,20231011130000,+32717,+32726,+32587,,,,
118,+32703,5075,20231011123000,+32661,+32726,+32657,,,,
119,+32661,4627,20231011120000,+32635,+32679,+32614,,,,
120,+32634,5139,20231011113000,+32596,+32670,+32594,,,,
121,+32600,6123,20231011110000,+32593,+32616,+32554,,,,
122,+32591,7099,20231011103000,+32551,+32614,+32539,,,,
123,+32552,8109,20231011100000,+32530,+32589,+32474,,,,
124,+32531,9286,20231011093000,+32511,+32595,+32506,,,,
125,+32514,21398,20231011090000,+32396,+32550,+32395,,,,
126,+31911,9500,20231010153000,+31936,+31936,+31906,,,,
127,+31936,8354,20231010150000,+31989,+32007,+31911,,,,
128,+31971,9064,20231010143000,+31935,+32064,+31930,,,,
129,+31935,8663,20231010140000,+32062,+32067,+31923,,,,
130,+32061,5838,20231010133000,+32077,+32090,+32029,,,,
131,+32059,7936,20231010130000,+32114,+32116,+31997,,,,
132,+32101,5639,20231010123000,+32192,+32201,+32092,,,,
133,+32195,4431,20231010120000,+32244,+32265,+32174,,,,
134,+32244,3806,20231010113000,+32266,+32308,+32238,,,,
135,+32278,5909,20231010110000,+32296,+32359,+32258,,,,
136,+32292,6364,20231010103000,+32355,+32386,+32257,,,,
137,+32341,9006,20231010100000,+32352,+32373,+32283,,,,
138,+32355,13277,20231010093000,+32455,+32483,+32339,,,,
139,+32458,31030,20231010090000,+32297,+32485,+32260,,,,
140,+31894,5870,20231006153000,+31915,+31915,+31893,,,,
141,+31915,5699,20231006150000,+31871,+31939,-31853,,,,
142,+31870,7776,20231006143000,+31921,+31942,-31844,,,,
143,+31940,6086,20231006140000,+31933,+31964,+31902,,,,
144,+31932,4553,20231006133000,+31923,+31944,+31888,,,,
145,+31924,5387,20231006130000,+31930,+31960,+31896,,,,
146,+31941,3698,20231006123000,+31925,+31942,+31896,,,,
147,+31926,3689,20231006120000,+31949,+31980,+31899,,,,
148,+31967,4599,20231006113000,+31908,+31971,+31886,,,,
149,+31909,6166,20231006110000,+31947,+31954,-31847,,,,
150,+31946,6435,20231006103000,+31946,+32000,+31920,,,,
151,+31960,6155,20231006100000,+32002,+32027,+31917,,,,
152,+32003,7241,20231006093000,+32006,+32034,+31888,,,,
153,+32007,14185,20231006090000,+31927,+32067,+31891,,,,
154,-31858,9327,20231005153000,+31879,+31879,+31853,,,,
155,-31879,7772,20231005150000,+31877,+31903,+31846,,,,
156,-31876,8678,20231005143000,+31973,+31992,+31875,,,,
157,+31971,7348,20231005140000,+32028,+32048,+31964,,,,
158,+32043,5891,20231005133000,+32092,+32113,+32023,,,,
159,+32106,4616,20231005130000,+32107,+32117,+32079,,,,
160,+32108,4312,20231005123000,+32118,+32136,+32087,,,,
161,+32102,3647,20231005120000,+32106,+32139,+32079,,,,
162,+32089,3772,20231005113000,+32095,+32121,+32068,,,,
163,+32094,4562,20231005110000,+32126,+32135,+32044,,,,
164,+32112,6783,20231005103000,+32032,+32133,+32005,,,,
165,+32030,8578,20231005100000,+31958,+32084,-31941,,,,
166,-31944,9874,20231005093000,-31894,+31992,-31878,,,,
167,-31891,19363,20231005090000,+32146,+32171,+31878,,,,
168,-31945,13782,20231004153000,+31918,+31947,+31918,,,,
169,-31918,8579,20231004150000,+31918,+31939,+31888,,,,
170,-31901,10333,20231004143000,+31961,+31988,+31888,,,,
171,-31959,7314,20231004140000,+32029,+32032,+31935,,,,
172,-32033,7598,20231004133000,+31952,+32037,+31937,,,,
173,-31952,5968,20231004130000,+31942,+31975,+31925,,,,
174,-31941,6865,20231004123000,+32027,+32031,+31923,,,,
175,-32028,6240,20231004120000,+32005,+32075,+31974,,,,
176,-32004,6003,20231004113000,+31977,+32014,+31944,,,,
177,-31979,6962,20231004110000,+31997,+32016,+31944,,,,
178,-31998,8789,20231004103000,+31964,+32007,+31922,,,,
179,-31950,10662,20231004100000,+31983,+32023,+31922,,,,
180,-31998,14957,20231004093000,+32081,+32098,+31957,,,,
181,-32083,35103,20231004090000,+32261,+32261,+32064,,,,
182,-32671,14046,20230927153000,+32743,+32743,+32671,,,,
183,+32743,5657,20230927150000,-32659,+32750,-32641,,,,
184,-32643,5975,20230927143000,+32614,+32669,+32605,,,,
185,-32612,4239,20230927140000,+32580,+32635,+32572,,,,
186,-32598,4923,20230927133000,+32584,+32639,+32558,,,,
187,-32582,3599,20230927130000,+32560,+32610,+32549,,,,
188,-32581,3410,20230927123000,+32550,+32587,+32510,,,,
189,-32550,3523,20230927120000,+32565,+32594,+32515,,,,
190,-32565,2956,20230927113000,+32580,+32613,+32551,,,,
191,-32585,3946,20230927110000,+32646,+32650,+32550,,,,
192,-32642,4659,20230927103000,+32671,+32704,-32584,,,,
193,-32685,5629,20230927100000,-32519,+32694,-32519,,,,
194,-32521,5960,20230927093000,+32546,+32619,+32521,,,,
195,-32544,13081,20230927090000,+32505,+32702,+32473,,,,
196,-32690,7876,20230926153000,+32687,+32694,+32686,,,,
197,-32687,5181,20230926150000,+32697,+32746,+32668,,,,
198,-32712,5607,20230926143000,+32712,+32766,+32684,,,,
199,-32714,4831,20230926140000,+32700,+32737,+32682,,,,
200,-32685,5002,20230926133000,+32710,+32739,+32674,,,,
201,-32712,4270,20230926130000,+32753,+32764,+32691,,,,
202,-32751,4610,20230926123000,+32713,+32755,+32683,,,,
203,-32699,3339,20230926120000,+32700,+32747,+32681,,,,
204,-32684,4110,20230926113000,+32716,+32719,+32663,,,,
205,-32716,4613,20230926110000,+32713,+32739,+32678,,,,
206,-32714,6359,20230926103000,+32802,+32822,+32687,,,,
207,-32801,5788,20230926100000,+32746,+32815,+32742,,,,
208,-32762,10123,20230926093000,+32814,+32861,+32729,,,,
209,-32820,18316,20230926090000,+33151,+33156,+32793,,,,
210,-33158,7627,20230925153000,+33151,+33158,+33150,,,,
211,-33151,6616,20230925150000,+33140,+33172,-33084,,,,
212,-33127,6288,20230925143000,+33212,+33220,+33116,,,,
213,33202,5983,20230925140000,-33193,+33248,-33153,,,,
214,-33193,4263,20230925133000,+33198,+33235,-33175,,,,
215,-33197,3843,20230925130000,-33168,+33218,-33146,,,,
216,-33170,3856,20230925123000,+33151,+33221,-33137,,,,
217,-33139,3179,20230925120000,+33090,+33154,+33090,,,,
218,-33108,3479,20230925113000,+33033,+33120,+33032,,,,
219,-33045,5794,20230925110000,+33128,+33139,+33010,,,,
220,-33116,5565,20230925103000,+33158,+33207,+33107,,,,
221,-33173,5025,20230925100000,+33213,+33253,+33155,,,,
222,+33210,9127,20230925093000,+33226,+33257,-33119,,,,
223,+33242,13755,20230925090000,-33140,+33265,-33078,,,,
224,-33202,5464,20230922153000,+33201,+33215,+33199,,,,
225,-33201,5325,20230922150000,+33202,+33216,+33171,,,,
226,-33201,5690,20230922143000,+33195,+33257,+33171,,,,
227,-33199,3975,20230922140000,+33175,+33209,+33154,,,,
228,-33173,4384,20230922133000,+33207,+33212,+33130,,,,
229,-33194,4943,20230922130000,+33190,+33259,+33166,,,,
230,-33175,3288,20230922123000,+33173,+33213,+33156,,,,
231,-33184,3811,20230922120000,+33139,+33203,+33099,,,,
232,-33145,3756,20230922113000,+33150,+33177,+33107,,,,
233,-33161,4303,20230922110000,+33155,+33198,+33132,,,,
234,-33155,6190,20230922103000,+33055,+33171,+33035,,,,
235,-33055,6646,20230922100000,+33035,+33060,+32960,,,,
236,-33035,10232,20230922093000,+32954,+33046,+32911,,,,
237,-32954,19021,20230922090000,+32990,+33085,+32919,,,,
238,-33304,6630,20230921153000,+33341,+33341,+33303,,,,
239,-33341,6181,20230921150000,+33340,+33346,+33301,,,,
240,-33342,7124,20230921143000,+33351,+33372,+33321,,,,
241,-33346,5687,20230921140000,+33340,+33380,+33329,,,,
242,-33343,5098,20230921133000,+33364,+33395,+33338,,,,
243,-33364,6116,20230921130000,+33357,+33387,+33308,,,,
244,-33358,4748,20230921123000,+33397,+33410,+33352,,,,
245,-33397,4838,20230921120000,+33424,+33438,+33379,,,,
246,-33420,4865,20230921113000,+33476,+33479,+33400,,,,
247,-33476,4421,20230921110000,+33505,+33513,+33452,,,,
248,-33502,5984,20230921103000,+33475,+33549,+33457,,,,
249,-33486,7113,20230921100000,+33530,+33562,+33468,,,,
250,-33528,10761,20230921093000,+33683,+33683,+33485,,,,
251,-33681,16763,20230921090000,+33673,+33754,+33635,,,,
252,-33875,6882,20230920153000,+33885,+33891,+33873,,,,
253,+33885,5879,20230920150000,-33809,+33901,-33807,,,,
254,-33821,7008,20230920143000,+33768,+33864,+33765,,,,
255,-33783,5667,20230920140000,+33784,+33804,+33757,,,,
256,-33797,5365,20230920133000,+33809,+33822,+33772,,,,
257,-33822,4478,20230920130000,+33818,+33849,+33803,,,,
258,-33818,4740,20230920123000,+33860,+33886,+33800,,,,
259,-33861,3753,20230920120000,-33833,+33887,-33823,,,,
260,-33820,3939,20230920113000,+33833,+33867,+33812,,,,
261,-33830,6289,20230920110000,+33829,+33856,+33795,,,,
262,-33829,8188,20230920103000,+33877,+33901,+33823,,,,
263,-33875,10781,20230920100000,+33900,+33926,-33845,,,,
264,+33903,10849,20230920093000,+33920,+33987,+33887,,,,
265,+33920,20528,20230920090000,-33854,+33967,-33840,,,,
266,-33882,6204,20230919153000,+33876,+33884,+33859,,,,
267,-33876,5023,20230919150000,+33862,+33888,+33848,,,,
268,-33875,6274,20230919143000,+33862,+33885,+33821,,,,
269,-33848,5515,20230919140000,+33898,+33911,+33826,,,,
270,-33898,5927,20230919133000,+33919,+33922,+33872,,,,
271,-33920,5096,20230919130000,+33922,+33947,+33897,,,,
272,-33936,5291,20230919123000,+33952,+33984,+33913,,,,
273,-33951,3306,20230919120000,+33950,+33980,+33932,,,,
274,-33949,4962,20230919113000,+33976,+33993,+33895,,,,
275,-33991,6513,20230919110000,+34016,+34045,+33968,,,,
276,-34030,6767,20230919103000,33993,+34049,-33976,,,,
277,-33991,6538,20230919100000,+34038,+34060,+33983,,,,
278,-34044,9327,20230919093000,+34151,+34207,+34023,,,,
279,+34167,19308,20230919090000,+34150,+34218,+34074,,,,
280,-34067,8992,20230918153000,+34093,+34093,+34051,,,,
281,-34093,5518,20230918150000,+34091,+34138,+34069,,,,
282,-34107,5911,20230918143000,+34088,+34130,+34082,,,,
283,-34091,5214,20230918140000,+34121,+34159,+34077,,,,
284,-34142,4719,20230918133000,+34149,+34173,+34107,,,,
285,-34160,4478,20230918130000,+34142,+34179,+34125,,,,
286,-34142,3895,20230918123000,+34132,+34177,+34125,,,,
287,-34143,4602,20230918120000,+34157,+34168,+34103,,,,
288,-34156,4544,20230918113000,+34194,+34210,+34136,,,,
289,-34208,5229,20230918110000,+34218,+34251,+34182,,,,
290,-34216,7219,20230918103000,+34257,+34258,+34186,,,,
291,-34257,7913,20230918100000,+34250,+34312,+34226,,,,
292,-34255,10273,20230918093000,+34276,+34325,+34233,,,,
293,-34276,22005,20230918090000,+34298,+34439,+34246,,,,
294,+34498,29091,20230915153000,+34498,+34525,+34498,,,,
295,+34498,8074,20230915150000,+34539,+34557,+34475,,,,
296,+34539,8523,20230915143000,+34522,+34561,+34513,,,,
297,+34524,8543,20230915140000,+34562,+34588,+34493,,,,
298,+34561,8086,20230915133000,+34555,+34629,+34542,,,,
299,+34571,6736,20230915130000,+34555,+34576,+34517,,,,
300,+34555,5307,20230915123000,+34533,+34569,+34496,,,,
301,+34533,5882,20230915120000,+34515,+34583,+34495,,,,
302,+34499,6358,20230915113000,+34542,+34547,+34488,,,,
303,+34542,10830,20230915110000,+34465,+34551,+34425,,,,
304,+34453,12223,20230915103000,+34404,+34467,+34330,,,,
305,+34401,11720,20230915100000,+34350,+34443,+34324,,,,
306,+34335,15602,20230915093000,+34205,+34375,+34202,,,,
307,+34211,22785,20230915090000,+34156,+34254,-34102,,,,
308,+34119,30175,20230914153000,+34013,+34119,+34013,,,,
309,+34013,6867,20230914150000,+34002,+34029,+33961,,,,
310,+34002,8979,20230914143000,+33979,+34028,+33958,,,,
311,+33997,6127,20230914140000,+33968,+34001,+33933,,,,
312,+33957,5836,20230914133000,+34003,+34015,+33928,,,,
313,+34003,6252,20230914130000,+33888,+34011,+33884,,,,
314,+33891,4982,20230914123000,+33908,+33965,+33874,,,,
315,+33906,4229,20230914120000,+33843,+33926,+33841,,,,
316,+33837,4156,20230914113000,+33862,+33895,+33828,,,,
317,+33867,5173,20230914110000,+33881,+33892,+33817,,,,
318,+33888,8099,20230914103000,+33826,+33933,+33826,,,,
319,+33843,7145,20230914100000,+33781,+33854,+33759,,,,
320,+33768,7286,20230914093000,+33754,+33793,+33720,,,,
321,+33752,16071,20230914090000,+33734,+33796,+33664,,,,
322,+33599,7337,20230913153000,+33592,+33599,+33579,,,,
323,+33592,7032,20230913150000,+33619,+33638,+33561,,,,
324,+33616,7836,20230913143000,+33603,+33625,-33549,,,,
325,+33602,5779,20230913140000,+33648,+33657,+33581,,,,
326,+33644,5373,20230913133000,-33550,+33649,-33529,,,,
327,-33552,4909,20230913130000,-33532,+33597,-33483,,,,
328,-33531,4679,20230913123000,+33560,+33567,-33494,,,,
329,+33561,3839,20230913120000,+33558,+33582,-33522,,,,
330,-33543,4156,20230913113000,-33523,+33576,-33494,,,,
331,-33522,7772,20230913110000,+33570,+33623,-33467,,,,
332,+33565,8629,20230913103000,+33659,+33663,-33521,,,,
333,+33659,9645,20230913100000,+33692,+33720,+33625,,,,
334,+33710,10124,20230913093000,+33725,+33760,+33664,,,,
335,+33707,19669,20230913090000,+33583,+33761,+33583,,,,
336,-33554,5992,20230912153000,+33584,+33584,+33554,,,,
337,-33584,6007,20230912150000,+33598,+33599,+33528,,,,
338,-33590,5646,20230912143000,+33665,+33670,+33572,,,,
339,-33663,5448,20230912140000,+33598,+33672,+33586,,,,
340,-33601,5590,20230912133000,+33611,+33647,+33573,,,,
341,-33612,4989,20230912130000,+33641,+33653,+33595,,,,
342,-33636,4242,20230912123000,+33606,+33657,+33582,,,,
343,-33588,4788,20230912120000,+33644,+33649,+33585,,,,
344,-33645,4145,20230912113000,+33619,+33669,+33586,,,,
345,-33617,5913,20230912110000,+33598,+33665,+33570,,,,
346,-33597,6623,20230912103000,+33643,+33647,+33555,,,,
347,-33627,7341,20230912100000,+33694,+33708,+33594,,,,
348,-33680,9823,20230912093000,+33751,+33769,+33666,,,,
349,-33751,18129,20230912090000,+33851,+33881,-33716,,,,
350,+33758,7168,20230911153000,+33746,+33758,+33746,,,,
351,+33746,6668,20230911150000,+33739,+33760,+33682,,,,
352,+33756,8068,20230911143000,+33698,+33762,+33698,,,,
353,+33716,7128,20230911140000,+33693,+33749,+33672,,,,
354,+33690,5594,20230911133000,+33663,+33731,+33647,,,,
355,+33650,6171,20230911130000,-33606,+33678,-33585,,,,
356,-33609,5141,20230911123000,+33620,+33640,-33560,,,,
357,-33612,4477,20230911120000,+33694,+33706,+33607,,,,
358,+33692,4030,20230911113000,+33709,+33713,+33658,,,,
359,+33706,6522,20230911110000,+33718,+33761,+33657,,,,
360,+33733,7603,20230911103000,-33606,+33737,-33573,,,,
361,-33605,9888,20230911100000,+33598,+33681,+33575,,,,
362,-33599,13942,20230911093000,+33663,+33695,+33563,,,,
363,+33646,20165,20230911090000,+33652,+33729,-33533,,,,
364,-33640,5526,20230908153000,+33624,+33640,+33621,,,,
365,-33624,5661,20230908150000,-33554,+33637,-33537,,,,
366,-33536,5937,20230908143000,+33486,+33569,+33464,,,,
367,-33468,5255,20230908140000,+33408,+33488,+33401,,,,
368,-33420,4762,20230908133000,+33440,+33457,+33392,,,,
369,-33440,4285,20230908130000,+33478,+33484,+33415,,,,
370,-33463,3459,20230908123000,+33450,+33486,+33424,,,,
371,-33462,3158,20230908120000,+33502,+33518,+33439,,,,
372,-33512,3467,20230908113000,+33530,+33550,+33487,,,,
373,-33531,4091,20230908110000,+33514,+33553,+33465,,,,
374,-33500,5665,20230908103000,+33513,+33524,+33461,,,,
375,-33497,6836,20230908100000,+33542,+33552,+33487,,,,
376,-33524,7339,20230908093000,+33521,+33552,+33481,,,,
377,-33521,14392,20230908090000,+33629,+33666,+33508,,,,
378,-33674,9555,20230907153000,+33615,+33674,+33615,,,,
379,-33615,5067,20230907150000,+33581,+33618,+33564,,,,
380,-33598,6009,20230907143000,+33566,+33608,+33539,,,,
381,-33564,4770,20230907140000,+33614,+33637,+33559,,,,
382,-33632,5372,20230907133000,+33685,+33685,+33598,,,,
383,-33685,5089,20230907130000,+33659,+33714,+33654,,,,
384,-33679,4516,20230907123000,+33624,+33694,+33598,,,,
385,-33624,3470,20230907120000,+33583,+33650,+33555,,,,
386,-33584,3305,20230907113000,+33588,+33601,+33553,,,,
387,-33588,4199,20230907110000,+33547,+33592,+33517,,,,
388,-33542,6048,20230907103000,+33581,+33599,+33508,,,,
389,-33582,6859,20230907100000,+33632,+33686,+33572,,,,
390,-33634,9476,20230907093000,+33657,+33712,+33618,,,,
391,-33659,14650,20230907090000,+33693,+33802,+33648,,,,
392,-33785,5049,20230906153000,+33780,+33785,+33779,,,,
393,-33780,5309,20230906150000,+33779,+33806,+33757,,,,
394,-33777,7625,20230906143000,+33797,+33837,+33737,,,,
395,-33794,4796,20230906140000,+33807,+33824,+33770,,,,
396,-33818,4488,20230906133000,+33808,+33836,+33782,,,,
397,-33823,5375,20230906130000,+33790,+33827,+33762,,,,
398,-33791,3788,20230906123000,+33785,+33799,+33736,,,,
399,-33787,4864,20230906120000,+33847,+33851,+33750,,,,
400,-33836,3846,20230906113000,+33862,+33872,+33818,,,,
401,-33848,5184,20230906110000,+33840,+33872,+33804,,,,
402,-33840,7427,20230906103000,+33908,+33912,+33806,,,,
403,-33892,8128,20230906100000,+33975,+33987,+33872,,,,
404,-33975,9881,20230906093000,+34021,+34048,+33929,,,,
405,-34015,15946,20230906090000,-33966,+34034,-33937,,,,
406,-34029,5377,20230905153000,+34028,+34031,+34028,,,,
407,-34028,4089,20230905150000,+34013,+34035,+33985,,,,
408,-34012,5255,20230905143000,+33990,+34033,+33964,,,,
409,-33978,4579,20230905140000,+34028,+34056,+33967,,,,
410,-34030,4177,20230905133000,+34047,+34084,+34003,,,,
411,-34047,3803,20230905130000,+34019,+34076,+34000,,,,
412,-34023,3234,20230905123000,+34016,+34064,+33997,,,,
413,-34031,3320,20230905120000,+34008,+34046,+33966,,,,
414,-34007,3572,20230905113000,+33991,+34020,+33942,,,,
415,-33991,5091,20230905110000,+33971,+34017,+33925,,,,
416,-33986,5301,20230905103000,+33995,+34036,+33943,,,,
417,-34002,7787,20230905100000,+33969,+34021,+33951,,,,
418,-33972,11101,20230905093000,+34043,+34066,+33949,,,,
419,-34055,16067,20230905090000,+34015,+34145,-33998,,,,
420,+34102,4615,20230904153000,+34025,+34102,+34025,,,,
421,+34025,4272,20230904150000,+34043,+34055,+34005,,,,
422,+34030,5976,20230904143000,+33982,+34063,+33970,,,,
423,+34000,6103,20230904140000,+33947,+34026,+33941,,,,
424,+33959,4022,20230904133000,+33944,+33991,+33929,,,,
425,+33942,5671,20230904130000,+33922,+33978,+33908,,,,
426,+33939,5024,20230904123000,+33928,+33983,+33912,,,,
427,+33926,3574,20230904120000,+33914,+33977,+33878,,,,
428,+33919,3553,20230904113000,+33916,+33951,+33888,,,,
429,+33900,4660,20230904110000,+33839,+33920,-33802,,,,
430,+33836,6031,20230904103000,+33866,+33871,-33760,,,,
431,+33847,8163,20230904100000,+33892,+33935,-33809,,,,
432,+33906,10365,20230904093000,+33926,+33990,+33887,,,,
433,+33940,24666,20230904090000,+33910,+33977,+33868,,,,
434,+33828,7691,20230901153000,+33854,+33859,+33817,,,,
435,+33854,6748,20230901150000,+33853,+33873,+33808,,,,
436,+33835,8760,20230901143000,+33867,+33895,+33830,,,,
437,+33849,10868,20230901140000,+33749,+33889,+33730,,,,
438,+33735,5727,20230901133000,+33758,+33771,+33728,,,,
439,+33745,4964,20230901130000,+33737,+33766,+33715,,,,
440,+33741,5334,20230901123000,+33665,+33751,+33656,,,,
441,+33680,4349,20230901120000,+33615,+33686,+33605,,,,
442,+33615,4901,20230901113000,+33637,+33674,+33605,,,,
443,+33653,6254,20230901110000,+33674,+33688,+33623,,,,
444,+33663,8426,20230901103000,+33690,+33696,+33605,,,,
445,+33678,10226,20230901100000,+33657,+33726,+33651,,,,
446,+33657,12766,20230901093000,+33664,+33771,+33651,,,,
447,+33661,22760,20230901090000,-33411,+33681,-33407,,,,
448,-33475,47711,20230831153000,-33449,+33475,-33449,,,,
449,-33449,7789,20230831150000,-33391,+33457,-33385,,,,
450,-33393,7863,20230831143000,+33390,+33426,+33365,,,,
451,-33376,7258,20230831140000,+33392,+33444,+33370,,,,
452,-33406,6338,20230831133000,+33368,+33414,+33358,,,,
453,-33371,5269,20230831130000,+33359,+33401,+33343,,,,
454,-33375,4331,20230831123000,+33339,+33409,+33339,,,,
455,-33357,4077,20230831120000,+33413,+33429,+33340,,,,
456,-33428,4708,20230831113000,+33375,+33443,+33375,,,,
457,-33375,5526,20230831110000,+33379,+33406,+33354,,,,
458,-33380,7718,20230831103000,+33428,+33443,+33370,,,,
459,-33429,9986,20230831100000,+33480,+33508,+33405,,,,
460,-33480,12019,20230831093000,+33514,+33540,-33453,,,,
461,+33516,15656,20230831090000,+33538,+33606,+33502,,,,
462,+33494,4392,20230830153000,+33541,+33541,+33494,,,,
463,+33541,5071,20230830150000,+33521,+33569,+33521,,,,
464,+33524,6064,20230830143000,+33528,+33587,+33520,,,,
465,+33529,5322,20230830140000,+33550,+33589,+33521,,,,
466,+33562,5841,20230830133000,+33597,+33626,+33543,,,,
467,+33600,4799,20230830130000,+33623,+33644,+33595,,,,
468,+33623,3420,20230830123000,+33623,+33648,+33604,,,,
469,+33621,3536,20230830120000,+33630,+33650,+33604,,,,
470,+33636,4164,20230830113000,+33672,+33692,+33619,,,,
471,+33672,4608,20230830110000,+33693,+33709,+33662,,,,
472,+33695,6283,20230830103000,+33700,+33706,+33644,,,,
473,+33699,7467,20230830100000,+33656,+33704,+33622,,,,
474,+33661,9749,20230830093000,+33678,+33711,+33638,,,,
475,+33678,18539,20230830090000,+33711,+33769,+33655,,,,
476,+33376,5228,20230829153000,+33397,+33397,+33376,,,,
477,+33397,4538,20230829150000,+33375,+33407,+33367,,,,
478,+33387,5268,20230829143000,+33395,+33437,+33373,,,,
479,+33410,5014,20230829140000,+33376,+33436,+33368,,,,
480,+33391,5118,20230829133000,+33401,+33405,+33341,,,,
481,+33386,4919,20230829130000,+33384,+33412,+33361,,,,
482,+33399,3360,20230829123000,+33416,+33422,+33373,,,,
483,+33401,3376,20230829120000,+33376,+33418,+33353,,,,
484,+33388,3920,20230829113000,+33371,+33401,+33348,,,,
485,+33370,4744,20230829110000,+33359,+33399,+33330,,,,
486,+33359,6187,20230829103000,+33383,+33426,+33336,,,,
487,+33386,6889,20230829100000,+33318,+33395,+33297,,,,
488,+33305,9343,20230829093000,+33378,+33392,+33298,,,,
489,+33375,20614,20230829090000,+33357,+33446,+33270,,,,
490,+33253,5515,20230828153000,+33206,+33253,+33206,,,,
491,+33206,4910,20230828150000,+33160,+33215,+33160,,,,
492,+33181,5208,20230828143000,+33146,+33195,+33145,,,,
493,+33155,4263,20230828140000,+33141,+33178,+33140,,,,
494,+33147,4855,20230828133000,+33162,+33183,+33132,,,,
495,+33161,4030,20230828130000,+33168,+33192,+33155,,,,
496,+33187,3605,20230828123000,+33200,+33232,+33166,,,,
497,+33215,3288,20230828120000,+33232,+33243,+33199,,,,
498,+33215,3594,20230828113000,+33212,+33246,+33207,,,,
499,+33225,4837,20230828110000,+33227,+33233,+33181,,,,
500,+33225,6519,20230828103000,+33251,+33256,+33177,,,,
501,+33252,9089,20230828100000,+33224,+33267,+33187,,,,
502,+33213,12122,20230828093000,+33180,+33241,+33143,,,,
503,+33177,23301,20230828090000,+33210,+33233,+33087,,,,
504,-33025,4758,20230825153000,+33017,+33029,+33014,,,,
505,-33017,4821,20230825150000,+33029,+33052,+32980,,,,
506,-33024,6288,20230825143000,+32983,+33058,+32959,,,,
507,-32979,5037,20230825140000,+32999,+33032,+32970,,,,
508,-33012,3990,20230825133000,+33049,+33071,+32996,,,,
509,-33051,4186,20230825130000,+33002,+33069,+32985,,,,
510,-32985,3358,20230825123000,+33006,+33016,+32970,,,,
511,-32989,3971,20230825120000,+33053,+33071,+32987,,,,
512,-33056,3611,20230825113000,+33071,+33103,+33010,,,,
513,-33073,4787,20230825110000,+33126,+33140,+33061,,,,
514,-33125,6232,20230825103000,+33029,+33130,+32947,,,,
515,-33031,6301,20230825100000,+33062,+33069,+33000,,,,
516,-33063,8398,20230825093000,+33010,+33076,+32970,,,,
517,-33008,16682,20230825090000,+32931,+33048,+32866,,,,
518,+33382,7277,20230824153000,+33394,+33394,+33381,,,,
519,+33394,6510,20230824150000,+33356,+33404,+33337,,,,
520,+33354,7070,20230824143000,+33328,+33370,+33320,,,,
521,+33335,7685,20230824140000,+33364,+33392,+33315,,,,
522,+33388,6140,20230824133000,+33317,+33388,+33290,,,,
523,+33305,6515,20230824130000,+33300,+33334,+33276,,,,
524,+33298,4435,20230824123000,+33345,+33358,+33288,,,,
525,+33345,4642,20230824120000,+33359,+33362,+33294,,,,
526,+33348,4563,20230824113000,+33302,+33363,+33297,,,,
527,+33306,5575,20230824110000,+33283,+33348,+33281,,,,
528,+33303,6447,20230824103000,+33241,+33308,+33220,,,,
529,+33241,8257,20230824100000,+33312,+33315,+33214,,,,
530,+33296,10815,20230824093000,+33324,+33333,+33243,,,,
531,+33322,19089,20230824090000,+33314,+33379,+33246,,,,
532,-32915,5763,20230823153000,+32935,+32935,+32915,,,,
533,-32935,5035,20230823150000,+32921,+32946,-32873,,,,
534,-32924,5856,20230823143000,+32887,+32924,-32848,,,,
535,-32882,4734,20230823140000,+32848,+32892,+32836,,,,
536,-32850,4455,20230823133000,+32884,+32891,+32802,,,,
537,-32883,3757,20230823130000,+32832,+32892,+32811,,,,
538,-32823,3916,20230823123000,+32813,+32873,+32791,,,,
539,-32799,3646,20230823120000,+32828,+32848,+32787,,,,
540,-32813,4158,20230823113000,+32915,+32923,+32804,,,,
541,-32900,4691,20230823110000,+32862,+32928,+32858,,,,
542,-32860,6339,20230823103000,+32978,+32989,+32860,,,,
543,+32981,8311,20230823100000,-32925,+33020,-32909,,,,
544,-32927,8830,20230823093000,+32975,+33022,-32873,,,,
545,+32993,18088,20230823090000,-32895,+32996,-32805,,,,
546,+32970,6200,20230822153000,+32997,+32997,+32970,,,,
547,+32997,6199,20230822150000,+32911,+33014,-32869,,,,
548,+32899,7218,20230822143000,+32942,+32968,-32872,,,,
549,+32957,5088,20230822140000,+32958,+32999,+32929,,,,
550,+32978,6192,20230822133000,+33026,+33040,+32954,,,,
551,+33013,4242,20230822130000,+33086,+33099,+32997,,,,
552,+33074,3941,20230822123000,+33075,+33095,+33043,,,,
553,+33075,3303,20230822120000,+33044,+33120,+33025,,,,
554,+33045,3610,20230822113000,+33047,+33091,+33019,,,,
555,+33048,4656,20230822110000,+33044,+33076,+33009,,,,
556,+33044,6316,20230822103000,+33123,+33161,+33017,,,,
557,+33110,7025,20230822100000,+33126,+33152,+33026,,,,
558,+33124,9687,20230822093000,+33065,+33164,+33021,,,,
559,+33064,20304,20230822090000,+33165,+33253,+33028,,,,
560,+32884,7257,20230821153000,+32864,+32885,+32862,,,,
561,+32864,5996,20230821150000,+32867,+32896,-32830,,,,
562,+32868,7473,20230821143000,+32887,+32924,-32839,,,,
563,+32902,5390,20230821140000,+32931,+32980,+32884,,,,
564,+32931,4450,20230821133000,+32994,+33014,+32902,,,,
565,+32993,4296,20230821130000,+32971,+33028,+32954,,,,
566,+32985,3122,20230821123000,+32994,+33004,+32961,,,,
567,+32992,3576,20230821120000,+33032,+33055,+32966,,,,
568,+33020,4010,20230821113000,+33010,+33057,+32990,,,,
569,+33023,4788,20230821110000,+32907,+33032,+32907,,,,
570,+32912,7010,20230821103000,+32998,+33020,+32874,,,,
571,+33014,8472,20230821100000,+33067,+33079,+32942,,,,
572,+33066,12791,20230821093000,+33051,+33109,+33025,,,,
573,+33050,21441,20230821090000,+32945,+33056,+32921,,,,
574,-32842,9870,20230818153000,+32894,+32894,+32842,,,,
575,-32894,5993,20230818150000,+32827,+32897,+32815,,,,
576,-32823,7169,20230818143000,+32782,+32855,+32769,,,,
577,-32774,6974,20230818140000,+32866,+32875,+32754,,,,
578,-32851,6397,20230818133000,+32839,+32892,+32800,,,,
579,-32850,4933,20230818130000,+32860,+32886,+32816,,,,
580,-32876,4549,20230818123000,+32894,+32897,+32816,,,,
581,-32876,4426,20230818120000,+32876,+32944,+32859,,,,
582,-32893,7785,20230818113000,+32971,+32996,+32831,,,,
583,-32966,6412,20230818110000,+32994,+33065,+32965,,,,
584,-32977,6898,20230818103000,+32935,+33010,-32895,,,,
585,-32920,9785,20230818100000,+32903,+32963,+32886,,,,
586,-32918,12404,20230818093000,+32822,+32963,-32790,,,,
587,-32809,25561,20230818090000,+32690,+32882,+32624,,,,
588,-33023,8349,20230817153000,+33036,+33037,+33022,,,,
589,-33036,5969,20230817150000,+32970,+33036,+32966,,,,
590,-32984,7280,20230817143000,+32981,+32994,+32912,,,,
591,-32974,6415,20230817140000,+33033,+33038,+32959,,,,
592,-33020,5345,20230817133000,+33032,+33043,+32973,,,,
593,-33033,5468,20230817130000,+32947,+33037,-32917,,,,
594,-32948,5064,20230817123000,+32972,+32998,+32888,,,,
595,-32959,4529,20230817120000,+32924,+32977,+32906,,,,
596,-32924,4861,20230817113000,+32864,+32944,+32864,,,,
597,-32882,5830,20230817110000,+32826,+32911,+32780,,,,
598,-32830,7336,20230817103000,+32673,+32836,+32661,,,,
599,-32673,9783,20230817100000,+32715,+32810,+32668,,,,
600,-32712,12954,20230817093000,+32637,+32746,+32574,,,,
601,-32621,28807,20230817090000,+32963,+32963,+32616,,,,
602,-33128,7507,20230816153000,+33139,+33150,+33128,,,,
603,-33139,9153,20230816150000,+33099,+33142,+33054,,,,
604,-33114,9429,20230816143000,+33158,+33189,+33082,,,,
605,-33161,6965,20230816140000,+33147,+33207,+33123,,,,
606,-33145,7491,20230816133000,+33196,+33213,+33102,,,,
607,-33212,7250,20230816130000,+33206,+33229,+33155,,,,
608,-33211,5307,20230816123000,+33262,+33281,+33180,,,,
609,-33260,4908,20230816120000,+33221,+33275,+33204,,,,
610,-33218,5417,20230816113000,+33288,+33294,+33197,,,,
611,-33288,5774,20230816110000,+33284,+33341,+33254,,,,
612,-33268,7341,20230816103000,+33251,+33335,+33231,,,,
613,-33249,9463,20230816100000,+33212,+33261,+33167,,,,
614,-33214,13800,20230816093000,+33330,+33348,+33178,,,,
615,-33326,26855,20230816090000,+33369,+33417,+33286,,,,
616,-33633,5822,20230814153000,+33637,+33637,+33630,,,,
617,-33637,6324,20230814150000,+33626,+33651,+33595,,,,
618,-33608,7209,20230814143000,+33606,+33645,+33579,,,,
619,-33596,7566,20230814140000,+33534,+33624,+33528,,,,
620,-33552,6593,20230814133000,+33570,+33609,+33532,,,,
621,-33569,5679,20230814130000,+33606,+33619,+33540,,,,
622,-33607,5621,20230814123000,+33595,+33614,+33544,,,,
623,-33581,4879,20230814120000,+33584,+33630,+33558,,,,
624,-33583,6244,20230814113000,+33591,+33616,+33558,,,,
625,-33609,10744,20230814110000,+33713,+33722,+33583,,,,
626,-33711,7752,20230814103000,+33742,+33755,+33672,,,,
627,-33731,10769,20230814100000,+33722,+33795,+33656,,,,
628,-33735,15937,20230814093000,+33930,+33952,+33715,,,,
629,+33928,23948,20230814090000,-33858,+33945,-33767,,,,
630,-33898,7114,20230811153000,+33910,+33912,+33891,,,,
631,-33910,7139,20230811150000,+33948,+33954,+33880,,,,
632,-33933,8183,20230811143000,+33922,+33970,+33904,,,,
633,-33938,7893,20230811140000,+34008,+34012,+33915,,,,
634,-33998,6284,20230811133000,+34015,+34038,+33984,,,,
635,-34002,5214,20230811130000,+34069,+34079,+33996,,,,
636,+34069,4450,20230811123000,+34098,+34109,-34030,,,,
637,+34095,4026,20230811120000,+34057,+34101,-34036,,,,
638,-34045,4975,20230811113000,+34076,+34087,-34010,,,,
639,+34060,6514,20230811110000,+34088,+34164,+34053,,,,
640,+34089,7996,20230811103000,+34154,+34161,+34063,,,,
641,+34154,10909,20230811100000,+34128,+34222,+34112,,,,
642,+34113,14715,20230811093000,+34212,+34230,+34057,,,,
643,+34211,33496,20230811090000,+34188,+34303,+34166,,,,
644,-34046,16721,20230810153000,+34010,+34046,+34007,,,,
645,-34010,8644,20230810150000,+34014,+34023,+33967,,,,
646,-34011,11409,20230810143000,+34022,+34028,+33974,,,,
647,-34004,9941,20230810140000,+33973,+34031,+33966,,,,
648,-33990,8967,20230810133000,+33955,+33999,+33928,,,,
649,-33946,8867,20230810130000,+33953,+33972,+33930,,,,
650,-33936,7826,20230810123000,+33962,+33983,+33934,,,,
651,-33946,5757,20230810120000,+33951,+33981,+33932,,,,
652,-33967,6523,20230810113000,+34004,+34029,+33936,,,,
653,-34003,7936,20230810110000,+33947,+34026,+33929,,,,
654,-33949,10806,20230810103000,+33936,+33980,+33914,,,,
655,-33920,12591,20230810100000,+33974,+33997,+33909,,,,
656,-33974,17373,20230810093000,+33980,+33997,+33923,,,,
657,-33978,31373,20230810090000,+33969,+34025,+33940,,,,
658,+34161,7061,20230809153000,+34182,+34182,+34150,,,,
659,+34182,7170,20230809150000,+34166,+34192,+34141,,,,
660,+34150,8118,20230809143000,+34182,+34201,+34144,,,,
661,+34179,6058,20230809140000,+34206,+34220,+34161,,,,
662,+34208,5721,20230809133000,+34164,+34222,+34148,,,,
663,+34148,6924,20230809130000,+34158,+34238,+34140,,,,
664,+34156,5005,20230809123000,+34116,+34162,+34109,,,,
665,+34129,4777,20230809120000,+34135,+34156,+34095,,,,
666,+34140,5342,20230809113000,+34058,+34159,+34046,,,,
667,+34059,7559,20230809110000,+34095,+34121,+34048,,,,
668,+34098,8548,20230809103000,+34114,+34162,+34076,,,,
669,+34115,8742,20230809100000,+34073,+34139,+34028,,,,
670,+34089,10981,20230809093000,+34108,+34162,+34069,,,,
671,+34106,23518,20230809090000,+33900,+34133,+33845,,,,
672,-33795,6272,20230808153000,+33808,+33809,+33795,,,,
673,-33808,6715,20230808150000,+33751,+33810,+33725,,,,
674,-33735,9439,20230808143000,+33810,+33829,+33732,,,,
675,-33808,8854,20230808140000,+33890,+33892,+33788,,,,
676,-33888,6121,20230808133000,+33880,+33900,+33840,,,,
677,-33882,6464,20230808130000,+33888,+33918,+33853,,,,
678,-33887,5060,20230808123000,+33853,+33918,+33831,,,,
679,-33839,4236,20230808120000,+33886,+33931,+33833,,,,
680,-33882,5312,20230808113000,+33890,+33976,+33870,,,,
681,-33889,7604,20230808110000,-33773,+33906,-33736,,,,
682,-33771,10108,20230808103000,+33734,+33839,+33731,,,,
683,-33753,14995,20230808100000,+34116,+34127,+33730,,,,
684,+34115,14349,20230808093000,+34102,+34191,+34082,,,,
685,+34099,22245,20230808090000,+34212,+34262,+34004,,,,
686,-33968,6615,20230807153000,+34120,+34120,+33968,,,,
687,-34120,5640,20230807150000,-34089,+34146,-34081,,,,
688,-34092,7422,20230807143000,+34113,+34133,-34058,,,,
689,-34117,7875,20230807140000,-34059,+34140,-34029,,,,
690,-34045,7280,20230807133000,+34081,+34107,+34025,,,,
691,-34084,6622,20230807130000,+34087,+34132,-34019,,,,
692,-34087,5046,20230807123000,+34178,+34186,+34084,,,,
693,+34161,5144,20230807120000,+34251,+34280,+34146,,,,
694,+34267,4227,20230807113000,+34201,+34277,+34198,,,,
695,+34215,6598,20230807110000,+34272,+34318,+34194,,,,
696,+34274,8766,20230807103000,+34220,+34279,+34148,,,,
697,+34223,9382,20230807100000,+34255,+34280,+34163,,,,
698,+34254,12550,20230807093000,+34152,+34257,-34070,,,,
699,+34136,24691,20230807090000,-33960,+34219,-33946,,,,
700,-34125,5861,20230804153000,+34173,+34173,+34125,,,,
701,+34173,6112,20230804150000,+34177,+34201,-34142,,,,
702,+34175,7228,20230804143000,+34181,+34221,+34164,,,,
703,+34179,5797,20230804140000,+34199,+34217,-34145,,,,
704,+34181,5797,20230804133000,+34172,+34214,-34126,,,,
705,+34170,5235,20230804130000,+34180,+34222,-34151,,,,
706,+34164,3862,20230804123000,+34164,+34202,-34149,,,,
707,+34179,5545,20230804120000,+34185,+34254,-34126,,,,
708,+34182,5501,20230804113000,-34114,+34196,-34084,,,,
709,-34129,7943,20230804110000,+34122,+34174,-34062,,,,
710,-34107,8108,20230804103000,+34075,+34188,+34063,,,,
711,-34088,9754,20230804100000,+34138,+34213,+34067,,,,
712,-34149,13706,20230804093000,+34155,+34186,-34087,,,,
713,34154,28395,20230804090000,+34160,+34272,-34097,,,,
714,-34154,14854,20230803153000,+34191,+34191,+34152,,,,
715,-34191,7951,20230803150000,+34122,+34191,+34079,,,,
716,-34114,11132,20230803143000,+34179,+34220,+34029,,,,
717,-34181,11071,20230803140000,+34140,+34218,+34087,,,,
718,-34139,7279,20230803133000,+34117,+34207,+34112,,,,
719,-34128,6728,20230803130000,+34184,+34208,+34104,,,,
720,-34181,6774,20230803123000,+34147,+34194,+34061,,,,
721,-34145,6192,20230803120000,+34064,+34153,+34039,,,,
722,-34076,9350,20230803113000,+34157,+34164,+34010,,,,
723,-34157,10081,20230803110000,+34211,+34253,+34140,,,,
724,-34218,16665,20230803103000,+34394,+34412,+34192,,,,
725,34380,15542,20230803100000,+34422,+34444,-34324,,,,
726,+34431,15441,20230803093000,-34374,+34466,-34349,,,,
727,-34375,30131,20230803090000,+34480,+34505,-34204,,,,
728,-34380,8469,20230802153000,+34380,+34386,+34379,,,,
729,-34380,7889,20230802150000,+34385,+34410,+34346,,,,
730,-34383,9265,20230802143000,+34433,+34470,+34374,,,,
731,-34439,7788,20230802140000,+34387,+34440,+34363,,,,
732,-34401,12328,20230802133000,+34454,+34477,+34325,,,,
733,-34470,8574,20230802130000,+34525,+34562,+34454,,,,
734,-34538,6625,20230802123000,+34593,+34600,+34518,,,,
735,-34588,6820,20230802120000,+34605,+34624,+34533,,,,
736,-34585,9859,20230802113000,+34621,+34654,+34582,,,,
737,-34635,12073,20230802110000,+34719,+34769,+34613,,,,
738,-34705,13791,20230802103000,+34863,+34884,+34705,,,,
739,-34880,18378,20230802100000,+34868,+34957,+34863,,,,
740,-34886,17801,20230802093000,+34939,+34974,+34868,,,,
741,-34940,34334,20230802090000,+34910,+34954,+34812,,,,
742,+35100,6859,20230801153000,+35097,+35101,+35095,,,,
743,+35097,8737,20230801150000,+35041,+35123,+34997,,,,
744,+35042,9444,20230801143000,+35026,+35071,+34998,,,,
745,+35043,9383,20230801140000,+34992,+35053,+34983,,,,
746,+35011,11650,20230801133000,+35009,+35026,+34930,,,,
747,+34994,12548,20230801130000,+35026,+35062,+34964,,,,
748,+35030,10421,20230801123000,+35023,+35052,+34996,,,,
749,+35008,6494,20230801120000,+35001,+35038,+34981,,,,
750,+35003,6209,20230801113000,+35045,+35070,+34979,,,,
751,+35040,9278,20230801110000,+35011,+35057,+34976,,,,
752,+35011,13762,20230801103000,+35016,+35052,+34974,,,,
753,+35028,12653,20230801100000,+34949,+35034,+34907,,,,
754,+34934,18310,20230801093000,+34877,+34962,+34862,,,,
755,+34869,35505,20230801090000,+34735,+34948,+34656,,,,
756,+34562,13469,20230731153000,+34611,+34611,+34559,,,,
757,+34611,9895,20230731150000,+34558,+34615,+34548,,,,
758,+34554,13141,20230731143000,+34564,+34624,+34498,,,,
759,+34568,9984,20230731140000,+34525,+34578,+34496,,,,
760,+34530,9369,20230731133000,+34539,+34562,+34472,,,,
761,+34539,6815,20230731130000,+34502,+34572,+34486,,,,
762,+34507,7206,20230731123000,+34524,+34573,+34491,,,,
763,+34543,7612,20230731120000,+34572,+34596,+34520,,,,
764,+34573,5951,20230731113000,+34569,+34595,+34552,,,,
765,+34583,6805,20230731110000,+34572,+34625,+34550,,,,
766,+34562,9941,20230731103000,+34638,+34711,+34551,,,,
767,+34649,13511,20230731100000,+34633,+34670,+34582,,,,
768,+34632,21254,20230731093000,+34644,+34698,+34550,,,,
769,+34645,33195,20230731090000,+34650,+34718,+34528,,,,
770,-34403,7938,20230728153000,+34416,+34418,+34400,,,,
771,-34416,8236,20230728150000,+34371,+34433,+34358,,,,
772,-34385,10272,20230728143000,-34269,+34388,-34245,,,,
773,-34283,9237,20230728140000,+34225,+34313,+34222,,,,
774,-34225,8805,20230728133000,+34178,+34269,+34173,,,,
775,-34195,8799,20230728130000,+34226,+34267,+34131,,,,
776,-34233,11532,20230728123000,+34321,+34434,+34221,,,,
777,-34319,10087,20230728120000,+34289,+34389,+34282,,,,
778,-34287,7472,20230728113000,+34264,+34311,+34221,,,,
779,-34266,9395,20230728110000,+34254,+34266,+34160,,,,
780,-34252,12196,20230728103000,+34251,+34298,+34216,,,,
781,-34248,20771,20230728100000,+34172,+34264,+34140,,,,
782,-34187,30673,20230728093000,+34262,+34334,+34155,,,,
783,-34272,41903,20230728090000,+34355,+34399,+34202,,,,
784,+34476,11549,20230727153000,+34413,+34476,+34413,,,,
785,+34413,15066,20230727150000,+34378,+34431,+34364,,,,
786,+34391,16887,20230727143000,+34438,+34465,+34371,,,,
787,+34454,15178,20230727140000,+34494,+34535,+34419,,,,
788,+34493,11589,20230727133000,+34500,+34541,+34452,,,,
789,+34504,12766,20230727130000,+34464,+34528,+34410,,,,
790,+34451,9844,20230727123000,+34390,+34473,+34380,,,,
791,+34392,12301,20230727120000,+34398,+34438,+34352,,,,
792,+34397,13259,20230727113000,+34455,+34499,+34393,,,,
793,+34458,17343,20230727110000,+34430,+34550,+34415,,,,
794,+34433,12557,20230727103000,+34336,+34438,+34314,,,,
795,+34338,15809,20230727100000,+34301,+34380,+34245,,,,
796,+34301,24430,20230727093000,+34232,+34318,+34179,,,,
797,+34237,50284,20230727090000,+34164,+34253,+34058,,,,
798,-34056,8228,20230726153000,+34061,+34075,+34056,,,,
799,-34061,16745,20230726150000,+34038,+34093,+33953,,,,
800,-34024,17130,20230726143000,+34112,+34160,+34001,,,,
801,-34123,21921,20230726140000,+34121,+34151,+33999,,,,
802,-34120,35063,20230726133000,+34311,+34338,+34008,,,,
803,-34302,21163,20230726130000,+34303,+34316,+34143,,,,
804,-34287,13848,20230726123000,+34361,+34370,+34238,,,,
805,-34357,10475,20230726120000,+34340,+34408,+34319,,,,
806,-34344,9158,20230726113000,+34230,+34373,+34216,,,,
807,-34216,10224,20230726110000,+34209,+34240,+34178,,,,
808,-34191,21384,20230726103000,+34142,+34219,+34044,,,,
809,-34145,24548,20230726100000,+34191,+34248,+34135,,,,
810,-34191,30537,20230726093000,+34271,+34308,+34168,,,,
811,-34271,56113,20230726090000,+34518,+34542,+34248,,,,
812,+34492,8145,20230725153000,+34494,+34502,+34491,,,,
813,+34494,9357,20230725150000,-34423,+34494,-34417,,,,
814,34432,10024,20230725143000,-34409,+34448,-34392,,,,
815,-34411,9748,20230725140000,-34380,+34430,-34374,,,,
816,-34377,10464,20230725133000,+34448,+34471,+34373,,,,
817,+34447,8792,20230725130000,+34462,+34483,-34429,,,,
818,+34461,8632,20230725123000,-34426,+34480,-34397,,,,
819,-34423,7737,20230725120000,+34464,+34474,-34400,,,,
820,+34450,12109,20230725113000,+34447,+34504,+34439,,,,
821,+34464,14649,20230725110000,+34466,+34486,+34437,,,,
822,+34447,15406,20230725103000,-34308,+34478,-34308,,,,
823,-34307,16169,20230725100000,+34394,+34421,+34293,,,,
824,-34408,26350,20230725093000,+34387,+34452,-34361,,,,
825,-34392,43310,20230725090000,+34578,+34627,+34375,,,,
826,+34432,5704,20230724153000,+34449,+34453,+34427,,,,
827,+34449,6292,20230724150000,+34472,+34497,+34429,,,,
828,+34482,7057,20230724143000,+34472,+34494,+34441,,,,
829,+34457,6445,20230724140000,+34435,+34499,+34411,,,,
830,+34455,12720,20230724133000,+34389,+34460,+34326,,,,
831,+34389,9204,20230724130000,+34448,+34492,+34381,,,,
832,+34460,6848,20230724123000,+34462,+34502,+34423,,,,
833,+34479,6971,20230724120000,+34497,+34545,+34460,,,,
834,+34502,8339,20230724113000,+34512,+34587,+34476,,,,
835,+34528,10918,20230724110000,+34375,+34533,+34360,,,,
836,+34377,10373,20230724103000,+34270,+34426,+34253,,,,
837,+34273,13768,20230724100000,+34301,+34369,-34236,,,,
838,+34300,16062,20230724093000,+34262,+34424,-34235,,,,
839,+34280,30753,20230724090000,-34198,+34280,-34067,,,,
840,+34239,7091,20230721153000,+34187,+34239,+34187,,,,
841,+34187,6690,20230721150000,+34194,+34204,-34147,,,,
842,+34191,8148,20230721143000,-34144,+34208,-34133,,,,
843,-34144,6428,20230721140000,+34161,+34172,-34106,,,,
844,-34164,6279,20230721133000,-34122,+34174,-34108,,,,
845,-34106,6345,20230721130000,+34099,+34128,+34057,,,,
846,-34095,5552,20230721123000,+34110,+34160,+34075,,,,
847,-34097,5431,20230721120000,+34078,+34127,+34068,,,,
848,-34074,6737,20230721113000,+34055,+34103,+34036,,,,
849,-34058,6014,20230721110000,+34008,+34070,+34005,,,,
850,-34006,9739,20230721103000,+33905,+34040,+33905,,,,
851,-33924,11952,20230721100000,+33890,+33928,+33813,,,,
852,-33890,11512,20230721093000,+33817,+33914,+33765,,,,
853,-33817,32928,20230721090000,+33919,+33919,+33745,,,,
854,-34167,9298,20230720153000,+34218,+34218,+34167,,,,
855,-34218,5848,20230720150000,+34261,+34283,+34205,,,,
856,-34266,6474,20230720143000,+34264,+34273,-34206,,,,
857,-34271,5798,20230720140000,-34225,+34282,-34219,,,,
858,-34229,6165,20230720133000,+34226,+34251,+34175,,,,
859,-34223,6687,20230720130000,+34252,+34284,+34189,,,,
860,-34255,5692,20230720123000,+34258,+34298,+34231,,,,
861,-34257,5679,20230720120000,+34217,+34282,-34192,,,,
862,-34218,9092,20230720113000,+34278,+34307,+34166,,,,
863,-34296,5200,20230720110000,+34293,+34325,-34273,,,,
864,-34281,6739,20230720103000,+34263,+34329,-34249,,,,
865,-34264,7795,20230720100000,+34236,+34282,34217,,,,
866,-34233,10893,20230720093000,+34173,+34264,-34153,,,,
867,-34155,25020,20230720090000,+34137,+34207,+34062,,,,
868,-34311,5946,20230719153000,+34310,+34317,+34309,,,,
869,-34310,6721,20230719150000,-34280,+34361,-34271,,,,
870,-34288,7319,20230719143000,+34240,+34299,-34203,,,,
871,-34230,6850,20230719140000,+34246,+34260,+34203,,,,
872,-34234,5599,20230719133000,+34196,+34268,+34187,,,,
873,-34210,5634,20230719130000,+34217,+34232,+34178,,,,
874,-34202,4987,20230719123000,+34243,+34265,+34193,,,,
875,-34247,4109,20230719120000,+34238,+34267,+34215,,,,
876,-34242,6248,20230719113000,+34215,+34273,+34198,,,,
877,-34234,8503,20230719110000,+34338,+34365,+34199,,,,
878,-34337,7787,20230719103000,+34385,+34426,-34333,,,,
879,+34379,10551,20230719100000,+34430,+34453,+34366,,,,
880,+34447,20192,20230719093000,+34396,+34505,+34370,,,,
881,+34393,23331,20230719090000,+34561,+34569,+34371,,,,
882,-34338,6059,20230718153000,+34344,+34350,+34335,,,,
883,-34344,6830,20230718150000,+34343,+34351,+34307,,,,
884,-34338,8404,20230718143000,+34322,+34365,+34297,,,,
885,-34309,7850,20230718140000,+34357,+34377,+34294,,,,
886,-34356,7211,20230718133000,+34343,+34367,+34304,,,,
887,-34346,6485,20230718130000,+34314,+34370,+34312,,,,
888,-34313,5600,20230718123000,+34324,+34354,+34290,,,,
889,-34312,6615,20230718120000,+34334,+34359,+34297,,,,
890,-34331,5957,20230718113000,+34327,+34377,+34302,,,,
891,-34313,8863,20230718110000,+34350,+34375,+34304,,,,
892,-34362,10112,20230718103000,+34503,+34520,+34348,,,,
893,-34520,10336,20230718100000,-34462,+34540,-34428,,,,
894,-34456,13453,20230718093000,+34457,+34524,+34427,,,,
895,-34464,27368,20230718090000,+34649,+34698,+34436,,,,
896,-34575,7228,20230717153000,+34541,+34575,+34540,,,,
897,-34541,7270,20230717150000,+34527,+34561,+34511,,,,
898,-34532,9390,20230717143000,+34528,+34573,+34509,,,,
899,-34529,14866,20230717140000,+34557,+34576,+34497,,,,
