,현재가,거래량,체결시간,시가,고가,저가,수정주가이벤트,전일종가
0,-316.35,3,20231023154500,-316.35,-316.35,-316.35,-316.45,+344.35
1,-316.45,16,20231023151500,-316.20,-316.60,-316.20,,
2,-316.10,20,20231023144500,-316.05,-316.45,-315.85,,
3,-316.00,21,20231023141500,-315.95,-316.25,-315.80,,
4,-315.85,14,20231023134500,-315.95,-316.25,-315.85,,
5,-316.10,79,20231023131500,-317.10,-317.15,-315.95,,
6,-317.10,20,20231023124500,-316.55,-317.10,-316.35,,
7,-316.50,6,20231023121500,-316.50,-316.60,-316.45,,
8,-316.70,31,20231023114500,-316.45,-316.70,-316.05,,
9,-316.45,30,20231023111500,-316.70,-317.20,-316.40,,
10,-317.00,92,20231023104500,-317.60,-318.05,-317.00,,
11,-317.65,37,20231023101500,-317.60,-318.35,-317.60,,
12,-317.50,20,20231023094500,-317.90,-318.25,-317.50,,
13,-317.70,53,20231023091500,-318.20,-318.25,-316.70,,
14,+318.50,93,20231023084500,-317.30,+318.50,-316.75,,
15,-318.40,5,20231020154500,-318.40,-318.40,-318.40,,
16,-318.60,23,20231020151500,-318.65,-318.65,-318.20,,
17,-318.65,32,20231020144500,-319.30,-319.30,-318.35,,
18,-319.25,35,20231020141500,-319.75,-320.10,-319.25,,
19,-319.55,63,20231020134500,-320.20,-320.30,-319.55,,
20,-320.05,25,20231020131500,-319.50,-320.30,-319.50,,
21,-319.50,68,20231020124500,-319.40,-319.75,-319.35,,
22,-319.00,27,20231020121500,-319.15,-319.35,-319.00,,
23,-319.20,49,20231020114500,-318.10,-319.30,-318.10,,
24,-318.10,16,20231020111500,-317.75,-318.15,-317.50,,
25,-317.90,42,20231020104500,-317.80,-318.10,-317.65,,
26,-317.80,67,20231020101500,-316.95,-317.90,-316.80,,
27,-317.00,81,20231020094500,-317.25,-317.80,-316.95,,
28,-317.55,104,20231020091500,-318.95,-318.95,-317.40,,
29,-318.90,184,20231020084500,-320.10,-320.70,-318.90,,
30,-322.85,6,20231019154500,-322.85,-322.85,-322.85,,
31,-323.00,15,20231019151500,-323.35,-323.35,-323.00,,
32,-323.20,17,20231019144500,-323.25,-323.35,-323.00,,
33,-323.40,7,20231019141500,-323.55,-323.55,-323.40,,
34,-323.85,6,20231019134500,-323.35,-323.85,-323.35,,
35,-323.35,13,20231019131500,-323.65,-323.75,-323.35,,
36,-323.70,10,20231019124500,-323.70,-323.75,-323.50,,
37,-323.45,21,20231019121500,-323.45,-323.45,-323.00,,
38,-323.40,13,20231019114500,-323.80,-323.90,-323.40,,
39,-323.65,35,20231019111500,-324.20,-324.20,-323.65,,
40,-324.40,10,20231019104500,-324.70,-324.70,-324.25,,
41,-324.70,30,20231019101500,-325.05,-325.50,-324.70,,
42,-324.85,35,20231019094500,-324.20,-325.05,-324.20,,
43,-324.45,68,20231019091500,-323.80,-324.45,-323.80,,
44,-323.95,66,20231019084500,-325.90,-325.90,-323.95,,
45,+329.35,14,20231018151500,+329.50,+329.50,+329.35,,
46,+329.60,18,20231018144500,+329.35,+329.60,+329.35,,
47,+329.25,15,20231018141500,+329.00,+329.30,+329.00,,
48,+328.90,29,20231018134500,+329.60,+329.60,+328.90,,
49,+329.35,5,20231018131500,+329.55,+329.55,+329.35,,
50,+329.40,1,20231018124500,+329.40,+329.40,+329.40,,
51,+329.40,24,20231018121500,+329.65,+329.65,+329.40,,
52,+329.70,52,20231018114500,+328.90,+329.80,+328.90,,
53,+328.70,26,20231018111500,+328.75,+329.40,+328.70,,
54,+328.70,100,20231018104500,+328.75,+329.45,+328.40,,
55,+328.50,67,20231018101500,+328.00,+329.05,+328.00,,
56,-327.80,42,20231018094500,+328.55,+328.85,-327.80,,
57,+328.55,76,20231018091500,-327.70,+328.80,-327.25,,
58,-327.70,30,20231018084500,-327.20,+328.00,-327.00,,
59,+327.90,15,20231017151500,+328.40,+328.40,+327.90,,
60,+328.45,25,20231017144500,+328.60,+328.80,+328.45,,
61,+328.55,38,20231017141500,+328.30,+328.55,+328.00,,
62,+328.10,22,20231017134500,+328.50,+328.50,+327.75,,
63,+328.60,17,20231017131500,+328.30,+328.70,+328.30,,
64,+328.20,31,20231017124500,+327.90,+328.20,+327.65,,
65,+328.00,39,20231017121500,+328.00,+328.80,+328.00,,
66,+327.90,112,20231017114500,+327.15,+327.90,+327.05,,
67,+327.15,9,20231017111500,+326.75,+327.15,+326.65,,
68,+326.80,59,20231017104500,+326.10,+327.40,+326.10,,
69,+326.15,31,20231017101500,+326.50,+326.50,+325.80,,
70,+326.40,44,20231017094500,+326.00,+326.40,+325.80,,
71,+326.05,32,20231017091500,+326.35,+327.05,+325.90,,
72,+326.45,81,20231017084500,+326.70,+327.00,+325.90,,
73,-324.05,1,20231016154500,-324.05,-324.05,-324.05,,
74,-324.25,21,20231016151500,-324.05,-324.55,-324.00,,
75,-324.10,67,20231016144500,-323.10,-324.55,-322.90,,
76,-323.15,31,20231016141500,-323.10,-323.50,-323.10,,
77,-323.20,21,20231016134500,-322.70,-323.25,-322.70,,
78,-322.30,19,20231016131500,-322.35,-322.65,-322.30,,
79,-322.20,14,20231016124500,-322.30,-322.50,-322.20,,
80,-322.30,19,20231016121500,-322.45,-322.45,-322.10,,
81,-322.55,38,20231016114500,-323.25,-323.30,-322.45,,
82,-323.30,14,20231016111500,-323.40,-323.55,-323.30,,
83,-323.40,37,20231016104500,-324.00,-324.30,-323.05,,
84,-324.20,65,20231016101500,-325.05,-325.05,-324.05,,
85,-325.10,77,20231016094500,-324.55,-325.40,-324.30,,
86,-324.70,79,20231016091500,-326.05,-326.05,-324.65,,
87,-326.25,46,20231016084500,-324.50,-326.40,-324.50,,
88,-326.65,10,20231013151500,-326.70,-326.75,-326.55,,
89,-326.70,3,20231013144500,-326.60,-326.70,-326.60,,
90,-326.60,37,20231013141500,-326.45,-326.80,-326.45,,
91,-326.45,19,20231013134500,-326.80,-326.80,-326.25,,
92,-327.00,1,20231013131500,-327.00,-327.00,-327.00,,
93,-326.90,7,20231013124500,-326.75,-327.00,-326.75,,
94,-326.65,16,20231013121500,-327.15,-327.15,-326.65,,
95,-327.25,1,20231013114500,-327.25,-327.25,-327.25,,
96,-327.25,4,20231013111500,-327.50,-327.50,-327.25,,
97,-327.50,20,20231013104500,-327.20,-327.60,-327.20,,
98,-327.10,21,20231013101500,-327.55,-327.60,-326.75,,
99,-327.40,22,20231013094500,-326.90,-327.50,-326.90,,
100,-327.05,28,20231013091500,-327.75,-327.75,-326.55,,
101,-327.65,38,20231013084500,-327.05,-327.65,-325.90,,
102,+329.45,24,20231012151500,+329.60,+329.75,+329.30,,
103,+329.50,30,20231012144500,+328.55,+329.50,+328.35,,
104,+328.60,23,20231012141500,+328.45,+328.75,+328.30,,
105,+328.55,20,20231012134500,+328.55,+328.60,+328.40,,
106,+328.55,11,20231012131500,+329.00,+329.00,+328.55,,
107,+329.00,13,20231012124500,+328.90,+329.00,+328.90,,
108,+328.80,21,20231012121500,+328.40,+328.80,+328.35,,
109,+328.40,42,20231012114500,+328.45,+328.50,+328.10,,
110,+328.60,45,20231012111500,+328.55,+329.05,+328.55,,
111,+328.60,6,20231012104500,+329.20,+329.20,+328.60,,
112,+329.05,4,20231012101500,+328.70,+329.05,+328.70,,
113,+328.70,37,20231012094500,+328.85,+329.35,+328.65,,
114,+328.85,20,20231012091500,+328.10,+328.85,+328.10,,
115,+328.10,92,20231012084500,+328.00,+329.10,+327.50,,
116,+326.15,56,20231011154500,+326.15,+326.15,+326.15,,
117,+325.75,7,20231011151500,+325.70,+325.80,+325.60,,
118,+325.70,73,20231011144500,+326.65,+326.65,+325.50,,
119,+327.10,17,20231011141500,+326.95,+327.30,+326.95,,
120,+326.95,13,20231011134500,+326.80,+326.95,+326.60,,
121,+326.90,33,20231011131500,+327.90,+327.90,+326.60,,
122,+327.95,10,20231011124500,+328.00,+328.20,+327.95,,
123,+328.00,23,20231011121500,+327.50,+328.05,+327.50,,
124,+327.45,12,20231011114500,+327.65,+327.65,+327.40,,
125,+327.50,82,20231011111500,+326.65,+327.50,+326.65,,
126,+326.65,47,20231011104500,+326.70,+327.10,+326.65,,
127,+326.70,8,20231011101500,+326.50,+326.75,+326.50,,
128,+326.40,14,20231011094500,+326.65,+326.80,+326.00,,
129,+326.40,58,20231011091500,+325.75,+326.65,+325.30,,
130,+326.20,163,20231011084500,+323.25,+326.50,+323.25,,
131,+320.65,50,20231010154500,+320.65,+320.65,+320.65,,
132,+320.55,9,20231010151500,+320.20,+320.55,+320.20,,
133,+320.45,12,20231010144500,+320.90,+320.90,+320.45,,
134,+321.30,27,20231010141500,+320.45,+321.50,+320.30,,
135,+320.55,12,20231010134500,+321.35,+321.45,+320.55,,
136,+321.45,10,20231010131500,+321.25,+321.45,+320.65,,
137,+321.35,22,20231010124500,+322.25,+322.25,+321.25,,
138,+322.25,20,20231010121500,+322.75,+322.80,+322.25,,
139,+322.90,30,20231010114500,+323.55,+323.55,+322.90,,
140,+323.70,4,20231010111500,+323.65,+323.70,+323.55,,
141,+323.80,20,20231010104500,+323.80,+324.15,+323.50,,
142,+324.55,13,20231010101500,+324.00,+324.55,+323.90,,
143,+324.00,48,20231010094500,+325.10,+325.25,+323.80,,
144,+325.25,47,20231010091500,+324.65,+325.65,+324.65,,
145,+324.55,121,20231010084500,+323.15,+324.55,+323.10,,
146,+319.60,1,20231006154500,+319.60,+319.60,+319.60,,
147,+319.60,14,20231006151500,+319.85,+319.85,+319.60,,
148,+320.00,18,20231006144500,+319.35,+320.00,+319.20,,
149,+319.45,15,20231006141500,+319.85,+320.00,+319.45,,
150,+319.80,9,20231006134500,+320.00,+320.05,+319.80,,
151,+319.90,2,20231006131500,+319.90,+319.90,+319.90,,
152,+320.15,2,20231006124500,+320.05,+320.15,+320.05,,
153,+319.95,4,20231006121500,+319.70,+319.95,+319.65,,
154,+319.95,3,20231006114500,+320.15,+320.25,+319.95,,
155,+320.10,16,20231006111500,+319.50,+320.10,-318.95,,
156,+319.45,10,20231006104500,+319.95,+320.00,+319.40,,
157,+320.20,13,20231006101500,+320.05,+320.30,+319.80,,
158,+320.35,12,20231006094500,+319.85,+320.60,+319.85,,
159,+319.45,19,20231006091500,+320.30,+321.05,+319.45,,
160,+320.40,35,20231006084500,+319.35,+320.80,+319.35,,
161,-319.00,7,20231005151500,-319.30,-319.40,-319.00,,
162,-319.30,26,20231005144500,-319.50,319.60,-319.00,,
163,+319.65,26,20231005141500,+320.15,+320.15,+319.65,,
164,+320.20,12,20231005134500,+320.90,+320.90,+320.05,,
165,+321.00,15,20231005131500,+321.05,+321.35,+321.00,,
166,+321.35,5,20231005124500,+321.45,+321.45,+321.20,,
167,+321.50,28,20231005121500,+321.30,+321.55,+321.20,,
168,+321.45,30,20231005114500,+321.25,+321.45,+321.15,,
169,+321.20,8,20231005111500,+321.15,+321.30,+321.15,,
170,+320.75,31,20231005104500,+320.75,+321.50,+320.75,,
171,+320.80,38,20231005101500,+320.50,+320.90,+320.45,,
172,+320.35,12,20231005094500,+319.95,+320.35,+319.70,,
173,-319.20,27,20231005091500,+320.30,+320.30,-319.05,,
174,+320.20,100,20231005084500,+321.00,+322.25,+320.20,,
175,-319.60,52,20231004151500,-319.40,-319.60,-319.00,,
176,-319.40,27,20231004144500,-319.50,-319.50,-319.25,,
177,-319.60,23,20231004141500,-319.95,-319.95,-319.55,,
178,-320.15,4,20231004134500,-320.25,-320.25,-320.00,,
179,-319.95,7,20231004131500,-319.30,-320.00,-319.30,,
180,-319.30,41,20231004124500,-319.35,-319.40,-319.10,,
181,-319.45,12,20231004121500,-320.20,-320.30,-319.45,,
182,-320.40,13,20231004114500,-319.60,-320.40,-319.50,,
183,-319.90,10,20231004111500,-319.60,-319.90,-319.60,,
184,-319.90,19,20231004104500,-319.30,-320.00,-319.20,,
185,-319.00,35,20231004101500,-319.50,-319.50,-319.00,,
186,-319.35,39,20231004094500,-320.10,-320.25,-319.35,,
187,-320.20,101,20231004091500,-320.50,-321.35,-319.90,,
188,-320.80,124,20231004084500,-324.00,-324.10,-320.60,,
189,+328.05,2,20230927154500,+328.05,+328.05,+328.05,,
190,-327.55,33,20230927151500,+328.15,+328.20,-327.50,,
191,+328.25,31,20230927144500,-326.85,+328.25,-326.85,,
192,-327.10,9,20230927141500,-326.90,-327.15,-326.90,,
193,-326.80,9,20230927134500,-326.70,-327.00,-326.70,,
194,-327.10,17,20230927131500,-326.80,-327.10,-326.45,,
195,-326.60,22,20230927124500,-326.20,-326.60,-326.10,,
196,-326.25,23,20230927121500,-326.40,-326.80,-325.90,,
197,-326.35,26,20230927114500,-326.60,-326.60,-326.00,,
198,-326.50,18,20230927111500,-326.55,-326.60,-326.45,,
199,-326.85,14,20230927104500,-327.05,-327.35,-326.80,,
200,-327.05,22,20230927101500,-327.10,+327.70,-327.05,,
201,-326.75,16,20230927094500,-326.70,-326.75,-326.20,,
202,-327.10,29,20230927091500,327.60,327.60,-326.15,,
203,+327.80,82,20230927084500,-325.60,+327.85,-325.10,,
204,-327.60,2,20230926154500,-327.60,-327.60,-327.60,,
205,-327.80,14,20230926151500,-327.90,-327.90,-327.75,,
206,-328.20,7,20230926144500,-328.20,-328.35,-328.10,,
207,-328.20,39,20230926141500,-327.90,-328.30,-327.85,,
208,-327.85,23,20230926134500,-328.00,-328.00,-327.70,,
209,-327.95,3,20230926131500,-328.00,-328.00,-327.95,,
210,-327.75,21,20230926124500,-327.90,-328.15,-327.75,,
211,-327.95,10,20230926121500,-327.90,-327.95,-327.60,,
212,-327.70,38,20230926114500,-327.65,-327.70,-327.65,,
213,-327.65,29,20230926111500,-327.60,-327.75,-327.45,,
214,-327.60,18,20230926104500,-327.80,-328.15,-327.60,,
215,-327.90,45,20230926101500,-328.35,-328.80,-327.90,,
216,-328.60,30,20230926094500,-328.85,-328.85,-328.25,,
217,-328.75,73,20230926091500,-330.35,-330.40,-328.50,,
218,-330.70,13,20230926084500,-332.15,332.30,-330.70,,
219,+332.30,1,20230925151500,+332.30,+332.30,+332.30,,
220,-331.70,23,20230925144500,-332.10,-332.10,-331.70,,
221,+332.40,35,20230925141500,+332.20,+332.70,+332.20,,
222,+332.20,8,20230925134500,+332.30,+332.50,-332.10,,
223,+332.35,13,20230925131500,+332.20,+332.55,332.15,,
224,+332.20,18,20230925124500,+332.40,+332.40,-331.80,,
225,+332.40,16,20230925121500,-331.70,+332.40,-331.70,,
226,-331.50,11,20230925114500,-331.20,-331.50,-331.10,,
227,-331.25,31,20230925111500,-330.80,-331.35,-330.45,,
228,-331.00,27,20230925104500,-332.10,+332.30,-331.00,,
229,332.15,31,20230925101500,+332.45,+332.45,-331.50,,
230,+332.50,17,20230925094500,-331.50,+332.80,-331.50,,
231,-331.55,31,20230925091500,-331.05,+332.65,-330.95,,
232,-331.15,49,20230925084500,-331.50,-332.00,-331.15,,
233,-332.15,3,20230922154500,-332.15,-332.15,-332.15,,
234,-332.25,9,20230922151500,-332.05,-332.35,-332.05,,
235,-332.00,19,20230922144500,-332.85,-332.90,-332.00,,
236,-332.45,7,20230922141500,-332.15,-332.45,-332.00,,
237,-332.15,6,20230922134500,-331.85,-332.15,-331.85,,
238,-331.85,9,20230922131500,-332.50,-332.50,-331.80,,
239,-332.50,8,20230922124500,-332.20,-332.50,-332.20,,
240,-332.35,25,20230922121500,-332.35,-332.35,-332.00,,
241,-331.90,10,20230922114500,-331.90,-331.90,-331.65,,
242,-331.70,10,20230922111500,-332.05,-332.25,-331.65,,
243,-332.00,16,20230922104500,-331.50,-332.00,-331.45,,
244,-331.45,38,20230922101500,-330.00,-331.70,-329.75,,
245,-330.40,27,20230922094500,-330.00,-330.55,-329.70,,
246,-330.30,56,20230922091500,-330.10,-330.55,-329.35,,
247,-330.35,53,20230922084500,-330.55,-330.80,-329.65,,
248,-333.60,2,20230921154500,-333.60,-333.60,-333.60,,
249,-333.70,14,20230921151500,-333.55,-333.70,-333.45,,
250,-333.65,23,20230921144500,-333.80,-333.85,-333.45,,
251,-333.85,17,20230921141500,-334.05,-334.10,-333.55,,
252,-334.00,6,20230921134500,-334.10,-334.10,-333.90,,
253,-334.15,12,20230921131500,-333.75,-334.15,-333.65,,
254,-333.75,22,20230921124500,-334.20,-334.20,-333.75,,
255,-334.10,34,20230921121500,-334.55,-334.55,-334.10,,
256,-334.50,37,20230921114500,-334.70,-334.70,-334.30,,
257,-334.65,27,20230921111500,-335.55,-335.55,-334.65,,
258,-335.20,14,20230921104500,-335.95,-335.95,-335.20,,
259,-335.30,37,20230921101500,-335.80,-335.80,-335.15,,
260,-335.75,24,20230921094500,-335.90,-335.95,-335.60,,
261,-335.85,82,20230921091500,-338.10,-338.10,-335.80,,
262,-337.90,60,20230921084500,-337.50,-337.90,-337.30,,
263,-339.95,30,20230920151500,-339.80,-339.95,-339.60,,
264,-339.65,33,20230920144500,-339.25,-339.70,-339.15,,
265,-339.35,31,20230920141500,-338.75,-339.50,-338.65,,
266,-339.00,15,20230920134500,-338.85,-339.00,-338.75,,
267,-338.95,11,20230920131500,-339.00,-339.05,-338.85,,
268,-339.15,39,20230920124500,-339.40,-339.40,-338.95,,
269,-339.40,15,20230920121500,-339.70,-339.75,-339.40,,
270,-339.70,58,20230920114500,-339.55,-339.70,-339.20,,
271,-339.45,20,20230920111500,-339.15,-339.45,-338.90,,
272,-339.15,40,20230920104500,-339.60,-339.60,-339.10,,
273,-340.00,79,20230920101500,-339.80,-340.15,-339.35,,
274,-339.85,73,20230920094500,-340.20,340.25,-339.65,,
275,+340.30,42,20230920091500,-339.65,+340.65,-339.65,,
276,-339.50,43,20230920084500,-339.85,340.25,-339.50,,
277,-340.25,3,20230919154500,-340.25,-340.25,-340.25,,
278,-339.85,4,20230919151500,-339.65,-339.85,-339.40,,
279,-339.65,12,20230919144500,-339.25,-339.70,-339.20,,
280,-339.25,22,20230919141500,-339.60,-339.70,-339.25,,
281,-339.65,8,20230919134500,-339.80,-339.80,-339.65,,
282,-339.80,12,20230919131500,-340.05,-340.05,-339.75,,
283,-340.10,7,20230919124500,-340.45,-340.45,-340.10,,
284,-340.65,5,20230919121500,-340.35,-340.65,-340.35,,
285,-340.50,32,20230919114500,-340.40,-340.50,-340.00,,
286,-340.55,25,20230919111500,-341.35,-341.40,-340.50,,
287,-341.30,11,20230919104500,-341.05,-341.40,-340.90,,
288,-341.05,24,20230919101500,-341.15,-341.15,-340.75,,
289,-341.25,54,20230919094500,-341.95,-341.95,-341.10,,
290,-342.05,17,20230919091500,-341.90,+342.90,-341.90,,
291,-341.90,9,20230919084500,342.35,+342.55,-341.90,,
292,-342.35,3,20230918154500,-342.35,-342.35,-342.35,,
293,-342.45,19,20230918151500,-342.30,-342.45,-342.30,,
294,-342.35,6,20230918144500,-342.30,-342.45,-342.30,,
295,-342.30,15,20230918141500,-342.40,-342.60,-342.30,,
296,-342.40,14,20230918134500,-342.60,-342.70,-342.35,,
297,-342.50,7,20230918131500,-342.80,-342.80,-342.45,,
298,-342.80,3,20230918124500,-342.60,-342.80,-342.60,,
299,-342.60,6,20230918121500,-342.60,-342.60,-342.45,,
300,-342.50,16,20230918114500,-342.75,-342.75,-342.35,,
301,-342.70,28,20230918111500,-343.40,-343.40,-342.70,,
302,-343.60,18,20230918104500,-343.50,-343.60,-343.10,,
303,-343.05,28,20230918101500,-343.65,-343.75,-343.05,,
304,-343.95,12,20230918094500,-343.85,-344.20,-343.85,,
305,-344.00,39,20230918091500,-344.70,-344.70,-343.80,,
306,-344.75,66,20230918084500,-344.75,-345.20,-343.80,,
307,+346.35,3,20230915154500,+346.35,+346.35,+346.35,,
308,+346.25,21,20230915151500,+346.40,+346.45,+346.10,,
309,+346.35,33,20230915144500,+346.95,+346.95,+346.35,,
310,+346.85,11,20230915141500,+346.65,+346.85,+346.65,,
311,+346.95,11,20230915134500,+347.65,+347.65,+346.95,,
312,+347.50,7,20230915131500,+347.25,+347.50,+347.25,,
313,+346.95,2,20230915124500,+346.85,+346.95,+346.85,,
314,+347.05,14,20230915121500,+346.80,+347.05,+346.70,,
315,+347.00,8,20230915114500,+346.75,+347.00,+346.60,,
316,+346.65,18,20230915111500,+346.15,+346.80,+346.15,,
317,+346.15,33,20230915104500,+345.35,+346.45,+345.35,,
318,+345.30,24,20230915101500,+345.35,+345.35,+344.90,,
319,+345.15,100,20230915094500,+344.20,+345.30,+344.20,,
320,+344.15,76,20230915091500,+343.30,+344.60,+342.70,,
321,+343.50,74,20230915084500,+342.20,+343.50,+342.15,,
322,+342.05,1,20230914154500,+342.05,+342.05,+342.05,,
323,+341.70,21,20230914151500,+341.25,+342.00,+341.25,,
324,+341.30,5,20230914144500,+341.25,+341.30,+341.25,,
325,+341.25,3,20230914141500,+341.15,+341.25,+341.00,,
326,+341.00,5,20230914134500,+340.90,+341.00,+340.85,,
327,+340.85,6,20230914131500,+341.30,+341.30,+340.85,,
328,+340.60,11,20230914124500,+340.35,+340.60,+340.20,,
329,+340.60,17,20230914121500,+340.15,+340.60,+340.15,,
330,+339.90,2,20230914114500,+339.90,+339.90,+339.90,,
331,+339.90,2,20230914111500,+339.90,+339.90,+339.90,,
332,+340.20,3,20230914104500,+340.30,+340.30,+340.20,,
333,+340.10,15,20230914101500,+339.30,+340.20,+339.30,,
334,+338.95,5,20230914094500,+338.40,+338.95,+338.40,,
335,+338.75,5,20230914091500,+338.20,+338.85,+338.20,,
336,+337.20,2,20230913151500,+337.05,+337.20,+337.05,,
337,+337.40,6,20230913141500,+337.50,+337.50,+337.40,,
338,+337.50,1,20230913134500,+337.50,+337.50,+337.50,,
339,-336.70,3,20230913131500,-336.35,-336.70,-336.35,,
340,-336.60,3,20230913121500,-336.65,-336.70,-336.60,,
341,-336.50,1,20230913111500,-336.50,-336.50,-336.50,,
342,-336.50,3,20230913104500,336.80,336.80,-336.50,,
343,+337.00,4,20230913101500,+337.75,+337.75,+337.00,,
344,+338.65,1,20230913094500,+338.65,+338.65,+338.65,,
345,336.80,1,20230913084500,336.80,336.80,336.80,,
346,-336.80,1,20230912121500,-336.80,-336.80,-336.80,,
347,+337.60,1,20230912114500,+337.60,+337.60,+337.60,,
348,-337.05,1,20230911124500,-337.05,-337.05,-337.05,,
349,-337.30,1,20230911084500,-337.30,-337.30,-337.30,,
350,+337.80,1,20230908151500,+337.80,+337.80,+337.80,,
351,-337.20,1,20230908144500,-337.20,-337.20,-337.20,,
352,-336.50,2,20230908141500,-336.50,-336.50,-336.50,,
353,-335.95,1,20230908134500,-335.95,-335.95,-335.95,,
354,-335.50,4,20230908131500,-335.65,-335.65,-335.50,,
355,-336.15,2,20230908114500,-336.20,-336.20,-336.15,,
356,-336.70,1,20230908111500,-336.70,-336.70,-336.70,,
357,-336.00,6,20230908104500,-336.00,-336.00,-336.00,,
358,-336.70,1,20230908094500,-336.70,-336.70,-336.70,,
359,-336.70,3,20230908091500,+337.70,+337.80,-336.70,,
360,+337.80,1,20230908084500,+337.80,+337.80,+337.80,,
361,-337.60,1,20230907131500,-337.60,-337.60,-337.60,,
362,-337.00,2,20230907101500,-337.50,-337.50,-337.00,,
363,-338.90,3,20230907084500,-338.00,-338.90,-338.00,,
364,-339.20,1,20230906144500,-339.20,-339.20,-339.20,,
365,-338.80,3,20230906141500,-339.60,-339.60,-338.80,,
366,-339.20,1,20230906131500,-339.20,-339.20,-339.20,,
367,-338.80,3,20230906121500,-338.85,-338.85,-338.80,,
368,-339.10,2,20230906114500,-339.00,-339.10,-339.00,,
369,-339.85,1,20230906111500,-339.85,-339.85,-339.85,,
370,-339.60,45,20230906104500,-339.90,-339.90,-339.40,,
371,-340.10,562,20230906101500,-340.00,-340.30,-340.00,,
372,-340.90,1,20230906094500,-340.90,-340.90,-340.90,,
373,+341.20,2,20230906091500,+341.20,+341.20,+341.20,,
374,-341.00,1,20230905121500,-341.00,-341.00,-341.00,,
375,-341.00,1,20230905114500,-341.00,-341.00,-341.00,,
376,-340.80,1,20230905094500,-340.80,-340.80,-340.80,,
377,+341.50,3,20230904144500,+341.30,+341.50,+341.30,,
378,+341.00,1,20230904134500,+341.00,+341.00,+341.00,,
379,+340.65,2,20230904121500,+340.60,+340.65,+340.60,,
380,+340.40,1,20230904114500,+340.40,+340.40,+340.40,,
381,340.00,2,20230904111500,-339.70,340.00,-339.70,,
382,-339.00,1,20230904104500,-339.00,-339.00,-339.00,,
383,-339.30,4,20230904101500,-339.50,-339.50,-339.30,,
384,-339.70,3,20230904094500,340.00,340.00,-339.70,,
385,340.00,1,20230904091500,340.00,340.00,340.00,,
386,+340.20,4,20230904084500,+340.70,+340.70,+340.20,,
387,+340.00,9,20230901141500,+339.50,+340.00,+339.50,,
388,+339.35,5,20230901134500,+339.00,+339.35,+339.00,,
389,+338.70,4,20230901131500,+338.90,+338.90,+338.70,,
390,+338.50,1,20230901094500,+338.50,+338.50,+338.50,,
391,+338.45,9,20230901091500,+336.95,+338.45,+336.95,,
392,+335.00,2,20230901084500,+334.40,+335.00,+334.40,,
393,-334.35,20,20230831151500,-335.85,-335.85,-334.35,,
394,-334.35,2,20230831141500,-334.50,-334.50,-334.35,,
395,-334.70,1,20230831134500,-334.70,-334.70,-334.70,,
396,-335.35,1,20230831131500,-335.35,-335.35,-335.35,,
397,-334.20,1,20230831121500,-334.20,-334.20,-334.20,,
398,-335.40,2,20230831111500,-335.00,-335.40,-335.00,,
399,-334.60,3,20230831104500,-335.00,-335.00,-334.60,,
400,-334.60,3,20230831101500,-335.50,-335.55,-334.60,,
401,-335.30,1,20230831094500,-335.30,-335.30,-335.30,,
402,+336.60,1,20230830151500,+336.60,+336.60,+336.60,,
403,+337.50,1,20230830121500,+337.50,+337.50,+337.50,,
404,+338.00,3,20230830084500,+338.00,+338.00,+338.00,,
405,+335.45,3,20230829134500,+335.30,+335.45,+335.30,,
406,+334.70,1,20230829131500,+334.70,+334.70,+334.70,,
407,+334.70,1,20230829101500,+334.70,+334.70,+334.70,,
408,+334.70,1,20230829094500,+334.70,+334.70,+334.70,,
409,+335.10,2,20230829091500,+335.00,+335.10,+335.00,,
410,+334.85,1,20230829084500,+334.85,+334.85,+334.85,,
411,+333.70,2,20230828151500,+333.70,+333.70,+333.70,,
412,+333.00,1,20230828144500,+333.00,+333.00,+333.00,,
413,+333.00,1,20230828124500,+333.00,+333.00,+333.00,,
414,+333.05,1,20230828121500,+333.05,+333.05,+333.05,,
415,+333.40,3,20230828094500,+333.10,+333.40,+333.10,,
416,+333.15,2,20230828091500,+332.85,+333.15,+332.85,,
417,+333.00,1,20230828084500,+333.00,+333.00,+333.00,,
418,-331.25,2,20230825151500,-331.20,-331.25,-331.20,,
419,-331.10,2,20230825144500,-331.30,-331.30,-331.10,,
420,-331.45,1,20230825134500,-331.45,-331.45,-331.45,,
421,-331.30,2,20230825114500,-331.60,-331.60,-331.30,,
422,-332.15,7,20230825104500,-331.40,-332.70,-331.40,,
423,-330.85,2,20230825101500,-331.10,-331.10,-330.85,,
424,-331.00,5,20230825084500,-330.00,-331.00,-330.00,,
425,+334.80,1,20230824151500,+334.80,+334.80,+334.80,,
426,+335.00,2,20230824144500,+334.85,+335.00,+334.85,,
427,+334.10,1,20230824124500,+334.10,+334.10,+334.10,,
428,+334.50,1,20230824121500,+334.50,+334.50,+334.50,,
429,+334.80,4,20230824111500,+334.50,+334.80,+334.30,,
430,+334.10,1,20230824104500,+334.10,+334.10,+334.10,,
431,+334.20,1,20230824094500,+334.20,+334.20,+334.20,,
432,+334.20,10,20230824091500,+335.10,+335.10,+334.00,,
433,+335.10,2,20230824084500,+334.60,+335.10,+334.60,,
434,-330.80,1,20230823144500,-330.80,-330.80,-330.80,,
435,-329.70,3,20230823131500,-330.00,-330.00,-329.70,,
436,-329.65,1,20230823124500,-329.65,-329.65,-329.65,,
437,-329.50,2,20230823114500,-329.60,-329.60,-329.50,,
438,-330.20,1,20230823111500,-330.20,-330.20,-330.20,,
439,-330.00,2,20230823104500,-330.10,-330.10,-330.00,,
440,-330.90,1,20230823094500,-330.90,-330.90,-330.90,,
441,-331.20,3,20230823091500,-330.60,-331.20,-330.60,,
442,+331.65,1,20230822101500,+331.65,+331.65,+331.65,,
443,+331.65,2,20230822091500,+333.25,+333.25,+331.65,,
444,+333.40,4,20230822084500,+333.30,+333.40,+333.30,,
445,+330.00,1,20230821151500,+330.00,+330.00,+330.00,,
446,+330.00,2,20230821144500,+330.00,+330.00,+330.00,,
447,+331.20,1,20230821131500,+331.20,+331.20,+331.20,,
448,+331.00,1,20230821124500,+331.00,+331.00,+331.00,,
449,+331.00,1,20230821104500,+331.00,+331.00,+331.00,,
450,+331.20,2,20230821101500,+331.45,+331.45,+331.20,,
451,+332.55,4,20230821091500,+331.30,+332.55,+331.30,,
452,+331.15,2,20230821084500,+330.20,+331.15,+330.20,,
453,-329.45,2,20230818154500,-329.45,-329.45,-329.45,,
454,-329.55,2,20230818131500,-329.95,-329.95,-329.55,,
455,-331.30,1,20230818104500,-331.30,-331.30,-331.30,,
456,-331.30,1,20230818101500,-331.30,-331.30,-331.30,,
457,-330.95,1,20230818094500,-330.95,-330.95,-330.95,,
458,-329.50,3,20230818091500,-329.50,-329.50,-328.35,,
459,-329.35,3,20230818084500,-329.05,-329.35,-329.00,,
460,-331.95,1,20230817151500,-331.95,-331.95,-331.95,,
461,-331.50,1,20230817144500,-331.50,-331.50,-331.50,,
462,-331.45,1,20230817131500,-331.45,-331.45,-331.45,,
463,-331.10,1,20230817121500,-331.10,-331.10,-331.10,,
464,-330.75,1,20230817114500,-330.75,-330.75,-330.75,,
465,-331.00,1,20230817111500,-331.00,-331.00,-331.00,,
466,-327.85,1,20230817094500,-327.85,-327.85,-327.85,,
467,-327.80,6,20230817091500,-329.00,-329.00,-327.75,,
468,-333.00,5,20230816141500,-333.30,-333.30,-333.00,,
469,-333.00,1,20230816134500,-333.00,-333.00,-333.00,,
470,-338.55,6,20230814151500,-338.00,-338.65,-338.00,,
471,-338.10,3,20230814144500,-337.85,-338.10,-337.85,,
472,-337.50,2,20230814134500,-337.30,-337.50,-337.30,,
473,-337.20,3,20230814124500,-337.40,-337.40,-337.20,,
474,-337.50,1,20230814121500,-337.50,-337.50,-337.50,,
475,-337.45,1,20230814114500,-337.45,-337.45,-337.45,,
476,-337.50,3,20230814111500,-337.60,-337.60,-337.50,,
477,-338.40,4,20230814104500,-338.90,-338.90,-338.40,,
478,-339.00,1,20230814101500,-339.00,-339.00,-339.00,,
479,-339.00,2,20230814094500,-339.00,-339.00,-339.00,,
480,-341.00,2,20230814091500,-341.30,-341.30,-341.00,,
481,-340.55,8,20230814084500,-340.55,-341.00,-340.45,,
482,+343.80,2,20230811094500,+343.80,+343.80,+343.80,,
483,+344.50,1,20230811091500,+344.50,+344.50,+344.50,,
484,+343.80,5,20230811084500,+343.80,+344.10,+342.85,,
485,-341.65,2,20230810151500,-341.65,-341.65,-341.65,,
486,-341.90,2,20230810144500,-341.95,-341.95,-341.90,,
487,-341.95,2,20230810141500,-342.00,-342.00,-341.95,,
488,-341.50,1,20230810114500,-341.50,-341.50,-341.50,,
489,-341.20,1,20230810101500,-341.20,-341.20,-341.20,,
490,+343.80,1,20230809151500,+343.80,+343.80,+343.80,,
491,+344.00,2,20230809144500,+343.95,+344.00,+343.95,,
492,+344.10,1,20230809134500,+344.10,+344.10,+344.10,,
493,+343.90,1,20230809131500,+343.90,+343.90,+343.90,,
494,+344.40,4,20230809124500,+343.85,+344.40,+343.85,,
495,+343.50,1,20230809101500,+343.50,+343.50,+343.50,,
496,+342.45,2,20230809094500,+342.70,+342.70,+342.45,,
497,+343.25,1,20230809091500,+343.25,+343.25,+343.25,,
498,+341.45,3,20230809084500,+342.20,+342.40,+341.45,,
499,-339.90,1,20230808144500,-339.90,-339.90,-339.90,,
500,-340.10,2,20230808141500,-340.30,-340.30,-340.10,,
501,-341.20,3,20230808121500,-341.20,-341.20,-341.00,,
502,-341.30,1,20230808114500,-341.30,-341.30,-341.30,,
503,-341.75,2,20230808111500,-341.90,-341.90,-341.75,,
504,-339.60,1,20230808104500,-339.60,-339.60,-339.60,,
505,-340.00,2,20230808101500,-340.00,-340.00,-340.00,,
506,-342.50,2,20230808094500,-342.50,-342.50,-342.50,,
507,-342.55,1,20230808091500,-342.55,-342.55,-342.55,,
508,+343.60,3,20230808084500,+344.00,+344.00,+343.60,,
509,-343.20,1,20230807151500,-343.20,-343.20,-343.20,,
510,-343.20,1,20230807141500,-343.20,-343.20,-343.20,,
511,-342.60,3,20230807134500,-343.00,-343.00,-342.60,,
512,-343.00,1,20230807124500,-343.00,-343.00,-343.00,,
513,+344.90,2,20230807104500,+344.90,+344.90,+344.90,,
514,+344.40,3,20230807101500,344.30,+344.40,344.30,,
515,+344.55,1,20230807094500,+344.55,+344.55,+344.55,,
516,-343.10,4,20230807091500,+344.45,+344.45,-343.10,,
517,344.30,1,20230807084500,344.30,344.30,344.30,,
518,+344.30,2,20230804121500,+344.40,+344.40,+344.30,,
519,+343.80,1,20230804114500,+343.80,+343.80,+343.80,,
520,-343.35,1,20230804101500,-343.35,-343.35,-343.35,,
521,+344.75,1,20230804094500,+344.75,+344.75,+344.75,,
522,-343.50,1,20230803114500,-343.50,-343.50,-343.50,,
523,-343.00,7,20230803111500,-344.00,-344.00,-343.00,,
524,-345.00,1,20230803091500,-345.00,-345.00,-345.00,,
525,-346.80,3,20230802134500,-346.20,-346.80,-346.00,,
526,-349.35,1,20230802114500,-349.35,-349.35,-349.35,,
527,-350.00,2,20230802104500,-350.00,-350.00,-350.00,,
528,-350.90,1,20230802094500,-350.90,-350.90,-350.90,,
529,-351.65,2,20230802091500,-351.60,-351.65,-351.60,,
530,-351.05,1,20230802084500,-351.05,-351.05,-351.05,,
531,+353.80,2,20230801144500,+353.80,+353.80,+353.80,,
532,+353.00,2,20230801124500,+353.00,+353.00,+353.00,,
533,+353.00,1,20230801114500,+353.00,+353.00,+353.00,,
534,+352.70,5,20230801101500,+352.70,+352.70,+352.70,,
535,+352.65,3,20230801094500,+352.75,+352.80,+352.65,,
536,+351.20,1,20230801091500,+351.20,+351.20,+351.20,,
537,+347.80,13,20230731151500,+348.95,+349.00,+347.60,,
538,+348.70,8,20230731144500,+348.30,+348.70,+348.20,,
539,+349.00,26,20230731141500,+348.50,+349.00,+348.50,,
540,+348.30,7,20230731134500,-347.10,+348.30,-347.00,,
541,347.20,1,20230731124500,347.20,347.20,347.20,,
542,+348.40,2,20230731114500,+347.90,+348.40,+347.90,,
543,+348.70,5,20230731104500,+349.00,+349.20,+347.90,,
544,+349.95,1,20230731101500,+349.95,+349.95,+349.95,,
545,+349.20,1,20230731091500,+349.20,+349.20,+349.20,,
546,+349.30,2,20230731084500,-340.00,+349.30,-340.00,,
547,+347.20,2,20230728150000,+347.20,+347.20,+347.20,,
548,-345.80,1,20230728143000,-345.80,-345.80,-345.80,,
549,-345.50,1,20230728140000,-345.50,-345.50,-345.50,,
550,-344.80,2,20230728133000,-344.75,-344.80,-344.75,,
551,+347.10,2,20230728123000,+347.10,+347.10,+347.10,,
552,-346.50,1,20230728120000,-346.50,-346.50,-346.50,,
553,-345.30,1,20230728110000,-345.30,-345.30,-345.30,,
554,+346.80,1,20230727113000,+346.80,+346.80,+346.80,,
555,+347.30,3,20230727110000,+347.30,+347.35,+347.30,,
556,-344.80,1,20230726133000,-344.80,-344.80,-344.80,,
557,-344.50,2,20230726093000,-345.00,-345.00,-344.50,,
558,+348.00,1,20230725150000,+348.00,+348.00,+348.00,,
559,+347.10,1,20230724150000,+347.10,+347.10,+347.10,,
560,+347.40,1,20230724120000,+347.40,+347.40,+347.40,,
561,+345.70,2,20230724100000,+346.15,+346.15,+345.70,,
562,+345.60,3,20230724093000,+345.90,+346.15,+345.60,,
563,-345.00,1,20230721153000,-345.00,-345.00,-345.00,,
564,-343.60,1,20230721130000,-343.60,-343.60,-343.60,,
565,-343.60,1,20230721123000,-343.60,-343.60,-343.60,,
566,-343.00,1,20230721110000,-343.00,-343.00,-343.00,,
567,-343.00,2,20230721103000,-343.00,-343.00,-343.00,,
568,-340.20,6,20230721090000,-340.65,-340.65,-340.20,,
569,+345.15,2,20230720113000,+345.15,+345.15,+345.15,,
570,-345.00,3,20230719110000,-346.00,-346.00,-345.00,,
571,-349.75,1,20230717100000,-349.75,-349.75,-349.75,,
572,+350.00,1,20230714150000,+350.00,+350.00,+350.00,,
573,+349.30,1,20230714133000,+349.30,+349.30,+349.30,,
574,+347.80,1,20230714100000,+347.80,+347.80,+347.80,,
575,+345.10,1,20230713143000,+345.10,+345.10,+345.10,,
576,+345.65,1,20230713123000,+345.65,+345.65,+345.65,,
577,+346.00,1,20230713110000,+346.00,+346.00,+346.00,,
578,+346.00,2,20230713103000,+345.40,+346.00,+345.40,,
579,+344.70,2,20230713100000,+345.00,+345.00,+344.70,,
580,+345.00,1,20230713093000,+345.00,+345.00,+345.00,,
581,+345.00,2,20230713090000,+345.00,+345.00,+345.00,,
582,+341.70,1,20230712143000,+341.70,+341.70,+341.70,,
583,+341.75,1,20230712140000,+341.75,+341.75,+341.75,,
584,+341.30,3,20230712133000,+340.95,+341.30,+340.95,,
585,+341.00,3,20230712123000,+341.50,+341.50,+341.00,,
586,+341.20,3,20230712113000,+341.60,+341.60,+341.20,,
587,+339.90,2,20230712103000,+339.85,+339.90,+339.85,,
588,+339.65,1,20230712093000,+339.65,+339.65,+339.65,,
589,+337.20,1,20230711090000,+337.20,+337.20,+337.20,,
590,+335.45,2,20230710133000,+335.45,+335.45,+335.45,,
591,+334.80,2,20230710120000,+335.05,+335.05,+334.80,,
592,+334.65,1,20230710093000,+334.65,+334.65,+334.65,,
593,-333.85,4,20230710090000,+334.95,+334.95,-333.60,,
594,-334.00,1,20230707153000,-334.00,-334.00,-334.00,,
595,-335.00,1,20230707150000,-335.00,-335.00,-335.00,,
596,-334.60,1,20230707140000,-334.60,-334.60,-334.60,,
597,-334.60,1,20230707130000,-334.60,-334.60,-334.60,,
598,-335.05,3,20230707120000,-334.00,-335.05,-334.00,,
599,-334.00,9,20230707103000,-334.50,-334.50,-334.00,,
600,-335.00,14,20230707090000,-337.00,-337.05,-335.00,,
601,-339.00,1,20230706150000,-339.00,-339.00,-339.00,,
602,-340.25,1,20230706143000,-340.25,-340.25,-340.25,,
603,+346.20,1,20230703140000,+346.20,+346.20,+346.20,,
604,+346.50,2,20230703113000,+346.50,+346.50,+346.50,,
605,+346.50,4,20230703103000,+346.45,+346.50,+346.45,,
606,+345.05,4,20230703100000,+345.45,+346.00,+345.05,,
607,+344.70,1,20230703090000,+344.70,+344.70,+344.70,,
608,-340.30,9,20230630140000,+341.95,+342.30,-340.30,,
609,-340.90,4,20230630123000,+341.50,+341.50,-340.90,,
610,-340.05,1,20230630110000,-340.05,-340.05,-340.05,,
611,-340.65,46,20230630103000,-340.25,-340.85,-339.90,,
612,-338.80,6,20230630093000,-338.95,-339.20,-338.55,,
613,-338.00,1,20230630090000,-338.00,-338.00,-338.00,,
614,341.35,1,20230629140000,341.35,341.35,341.35,,
615,+342.70,1,20230629110000,+342.70,+342.70,+342.70,,
616,+343.70,4,20230629100000,+343.65,+343.70,+343.65,,
617,+342.90,1,20230629090000,+342.90,+342.90,+342.90,,
618,-341.35,3,20230628103000,-341.40,-341.40,-341.35,,
619,-341.55,1,20230628100000,-341.55,-341.55,-341.55,,
620,+343.15,1,20230628090000,+343.15,+343.15,+343.15,,
621,+342.50,2,20230627143000,+342.60,+342.60,+342.50,,
622,+342.80,1,20230627103000,+342.80,+342.80,+342.80,,
623,+342.45,4,20230626100000,+342.40,+342.45,+342.40,,
624,-342.00,2,20230623103000,-342.05,-342.05,-342.00,,
625,-342.45,1,20230621153000,-342.45,-342.45,-342.45,,
626,-342.40,1,20230621150000,-342.40,-342.40,-342.40,,
627,-342.85,1,20230621140000,-342.85,-342.85,-342.85,,
628,-343.70,1,20230621133000,-343.70,-343.70,-343.70,,
629,-343.95,2,20230621103000,-343.75,-343.95,-343.75,,
630,-344.00,1,20230621100000,-344.00,-344.00,-344.00,,
631,-344.25,2,20230621093000,-344.15,-344.25,-344.15,,
632,-345.25,2,20230620140000,-345.25,-345.25,-345.25,,
633,-346.50,1,20230619150000,-346.50,-346.50,-346.50,,
634,-345.40,3,20230619130000,-345.45,-345.45,-345.40,,
635,-346.00,1,20230619103000,-346.00,-346.00,-346.00,,
636,-346.50,1,20230619100000,-346.50,-346.50,-346.50,,
637,-347.45,1,20230615140000,-347.45,-347.45,-347.45,,
638,-346.95,1,20230615133000,-346.95,-346.95,-346.95,,
639,-348.50,1,20230614100000,-348.50,-348.50,-348.50,,
640,-349.50,1,20230614093000,-349.50,-349.50,-349.50,,
641,+349.90,1,20230613140000,+349.90,+349.90,+349.90,,
642,+350.00,1,20230613123000,+350.00,+350.00,+350.00,,
643,+350.00,1,20230613100000,+350.00,+350.00,+350.00,,
644,-349.60,1,20230612120000,-349.60,-349.60,-349.60,,
645,-350.00,1,20230612090000,-350.00,-350.00,-350.00,,
646,+350.65,1,20230609143000,+350.65,+350.65,+350.65,,
647,+349.00,1,20230609110000,+349.00,+349.00,+349.00,,
648,+349.60,4,20230609103000,+348.10,+349.60,+348.10,,
649,+346.00,2,20230609090000,+346.00,+346.00,+346.00,,
650,-343.55,1,20230608140000,-343.55,-343.55,-343.55,,
651,-344.00,1,20230608133000,-344.00,-344.00,-344.00,,
652,-344.30,2,20230608130000,-344.50,-344.50,-344.30,,
653,-345.00,1,20230608123000,-345.00,-345.00,-345.00,,
654,+346.90,1,20230605150000,+346.90,+346.90,+346.90,,
655,-346.00,2,20230605110000,-345.50,-346.00,-345.50,,
656,-339.30,1,20230601110000,-339.30,-339.30,-339.30,,
657,-341.40,3,20230531153000,-341.50,-341.50,-341.40,,
658,-341.70,1,20230531150000,-341.70,-341.70,-341.70,,
659,-342.00,10,20230531143000,-342.00,-342.00,-342.00,,
660,-340.00,2,20230531140000,-342.05,-342.05,-340.00,,
661,-342.75,2,20230531130000,-342.40,-342.75,-342.40,,
662,-342.40,1,20230531090000,-342.40,-342.40,-342.40,,
663,+344.20,2,20230530150000,+344.20,+344.20,+344.20,,
664,+344.80,1,20230530143000,+344.80,+344.80,+344.80,,
665,+344.00,1,20230530103000,+344.00,+344.00,+344.00,,
666,+343.95,3,20230530093000,+342.90,+343.95,+342.90,,
667,+342.90,3,20230530090000,+342.50,+342.90,+342.50,,
668,+337.20,1,20230526150000,+337.20,+337.20,+337.20,,
669,+338.10,1,20230526090000,+338.10,+338.10,+338.10,,
670,-336.15,1,20230525103000,-336.15,-336.15,-336.15,,
671,-338.60,7,20230525090000,+338.95,+339.80,-338.60,,
672,-338.65,1,20230524123000,-338.65,-338.65,-338.65,,
673,-338.65,3,20230524120000,-337.65,-338.65,-337.65,,
674,-338.85,3,20230524113000,-338.90,-338.90,-338.85,,
675,-336.80,1,20230524090000,-336.80,-336.80,-336.80,,
676,+340.20,2,20230523153000,+340.15,+340.20,+340.15,,
677,+339.10,1,20230523090000,+339.10,+339.10,+339.10,,
678,+337.90,3,20230522133000,+339.05,+339.05,+337.90,,
679,+339.05,1,20230522130000,+339.05,+339.05,+339.05,,
680,+338.05,2,20230522110000,+338.05,+338.05,+338.05,,
681,+334.65,1,20230522090000,+334.65,+334.65,+334.65,,
682,-329.85,1,20230519090000,-329.85,-329.85,-329.85,,
683,+330.90,1,20230518153000,+330.90,+330.90,+330.90,,
684,+332.40,1,20230518150000,+332.40,+332.40,+332.40,,
685,+330.00,2,20230518110000,+331.50,+331.50,+330.00,,
686,+329.55,2,20230518090000,+331.00,+331.00,+329.55,,
687,-327.00,1,20230517090000,-327.00,-327.00,-327.00,,
688,+330.00,1,20230516093000,+330.00,+330.00,+330.00,,
689,+330.00,5,20230516090000,+330.00,+330.00,+330.00,,
690,+327.20,1,20230515153000,+327.20,+327.20,+327.20,,
691,+327.15,1,20230515150000,+327.15,+327.15,+327.15,,
692,-326.50,2,20230512150000,-326.85,-326.85,-326.50,,
693,-326.85,1,20230512143000,-326.85,-326.85,-326.85,,
694,-327.05,2,20230512093000,-327.05,-327.05,-327.05,,
695,-326.00,3,20230512090000,-326.60,-326.60,-326.00,,
696,+330.00,2,20230511110000,+329.55,+330.00,+329.55,,
697,+330.75,1,20230508143000,+330.75,+330.75,+330.75,,
698,+332.80,1,20230508113000,+332.80,+332.80,+332.80,,
699,-326.05,1,20230504100000,-326.05,-326.05,-326.05,,
700,+331.30,3,20230502150000,+331.30,+331.30,+331.30,,
701,+330.75,4,20230502143000,+331.30,+331.30,+330.75,,
702,+330.55,4,20230502140000,+330.55,+330.55,+330.55,,
703,+330.00,5,20230502090000,+329.95,+330.00,+329.95,,
704,326.90,1,20230428133000,326.90,326.90,326.90,,
705,+328.00,1,20230428090000,+328.00,+328.00,+328.00,,
706,326.90,1,20230427150000,326.90,326.90,326.90,,
707,+326.90,1,20230426110000,+326.90,+326.90,+326.90,,
708,+326.60,1,20230426103000,+326.60,+326.60,+326.60,,
709,+326.60,1,20230426100000,+326.60,+326.60,+326.60,,
710,+326.15,5,20230426090000,-325.90,+326.15,-325.90,,
711,-326.05,1,20230425113000,-326.05,-326.05,-326.05,,
712,-328.00,2,20230425110000,-328.00,-328.00,-328.00,,
713,-334.75,3,20230420090000,-334.75,-334.75,-334.75,,
714,+334.60,1,20230414103000,+334.60,+334.60,+334.60,,
715,+334.30,4,20230413150000,+333.50,+334.30,+333.50,,
716,+335.00,1,20230413110000,+335.00,+335.00,+335.00,,
717,+332.00,1,20230413090000,+332.00,+332.00,+332.00,,
718,+331.95,1,20230412103000,+331.95,+331.95,+331.95,,
719,+331.00,1,20230411113000,+331.00,+331.00,+331.00,,
720,+331.00,3,20230411103000,+331.00,+331.00,+331.00,,
721,+330.00,2,20230411090000,+330.00,+330.00,+330.00,,
722,+329.55,4,20230410110000,+329.60,+329.60,+329.55,,
723,+329.00,1,20230410100000,+329.00,+329.00,+329.00,,
724,+325.00,1,20230407140000,+325.00,+325.00,+325.00,,
725,+325.00,2,20230407120000,+325.00,+325.00,+325.00,,
726,+323.05,1,20230407103000,+323.05,+323.05,+323.05,,
727,+322.50,1,20230407090000,+322.50,+322.50,+322.50,,
728,-320.10,4,20230406143000,-320.00,-320.10,-320.00,,
729,-320.75,2,20230406123000,-320.75,-320.75,-320.75,,
730,-323.55,2,20230406093000,-323.75,-323.75,-323.55,,
731,-325.00,1,20230406090000,-325.00,-325.00,-325.00,,
732,+323.00,1,20230404100000,+323.00,+323.00,+323.00,,
733,-322.50,1,20230403123000,-322.50,-322.50,-322.50,,
734,-323.05,1,20230403113000,-323.05,-323.05,-323.05,,
735,-322.90,1,20230403103000,-322.90,-322.90,-322.90,,
736,-322.90,7,20230403090000,-323.10,-323.10,-322.90,,
737,+323.40,1,20230331150000,+323.40,+323.40,+323.40,,
738,321.00,1,20230331090000,321.00,321.00,321.00,,
739,+321.00,1,20230330133000,+321.00,+321.00,+321.00,,
740,318.10,1,20230330093000,318.10,318.10,318.10,,
741,-318.10,1,20230329123000,-318.10,-318.10,-318.10,,
742,313.80,1,20230322133000,313.80,313.80,313.80,,
743,-310.00,1,20230316143000,-310.00,-310.00,-310.00,,
744,+312.70,3,20230315100000,+312.70,+312.70,+312.70,,
745,-310.35,13,20230314090000,-311.35,-311.35,-310.35,,
