,현재가,거래량,체결시간,시가,고가,저가,수정주가이벤트,전일종가
0,-317.85,8035,20231025153000,-317.85,-317.95,-317.70,-317.55,+345.10
1,-317.80,22182,20231025144500,-317.90,-318.45,-317.65,,
2,-317.95,18188,20231025140000,-318.45,-319.05,-317.65,,
3,-318.50,18185,20231025131500,-318.00,-318.65,-317.55,,
4,-318.05,14466,20231025123000,-318.55,-318.60,-317.85,,
5,-318.50,17430,20231025114500,-319.20,+319.60,-318.30,,
6,-319.20,18442,20231025110000,-319.30,+319.70,-319.05,,
7,-319.30,32362,20231025101500,-318.70,-319.40,-317.95,,
8,-318.70,33625,20231025093000,+319.60,+319.80,-318.45,,
9,+319.60,57729,20231025084500,+320.30,+320.75,-319.15,,
10,+319.55,10120,20231024153000,+319.60,+319.65,+319.40,,
11,+319.60,27718,20231024144500,+319.10,+319.65,+318.80,,
12,+319.10,43264,20231024140000,+317.95,+319.65,+317.90,,
13,+317.95,30577,20231024131500,-315.90,+318.00,-315.85,,
14,-315.95,20578,20231024123000,-315.65,-316.35,-315.50,,
15,-315.65,31970,20231024114500,+317.35,+317.40,-315.60,,
16,+317.35,56493,20231024110000,-313.85,+317.60,-313.70,,
17,-313.90,59958,20231024101500,-315.95,-316.10,-312.90,,
18,-316.00,39639,20231024093000,+317.35,+317.60,-315.85,,
19,+317.35,55813,20231024084500,+318.55,+319.00,-316.70,,
20,-317.00,9380,20231023153000,-317.00,-317.25,-316.95,,
21,-317.00,25685,20231023144500,-316.65,-317.35,-316.50,,
22,-316.65,19083,20231023140000,-316.70,-317.15,-316.45,,
23,-316.75,19836,20231023131500,-317.70,-317.80,-316.60,,
24,-317.75,15111,20231023123000,-317.25,-317.80,-317.00,,
25,-317.20,17750,20231023114500,-317.10,-317.40,-316.75,,
26,-317.15,23147,20231023110000,-318.20,-318.35,-317.00,,
27,-318.25,24271,20231023101500,-318.15,+319.10,-318.10,,
28,-318.15,33641,20231023093000,-317.70,+319.05,-317.60,,
29,-317.70,59251,20231023084500,-317.15,+319.25,-317.10,,
30,-318.85,10453,20231020153000,-318.85,-319.30,-318.85,,
31,-318.85,35373,20231020144500,-319.90,-320.15,-318.80,,
32,-319.95,23732,20231020140000,-320.85,-320.90,-319.85,,
33,-320.90,17767,20231020131500,-320.10,-321.15,-320.10,,
34,-320.10,17533,20231020123000,-319.95,-320.50,-319.70,,
35,-319.95,30283,20231020114500,-318.80,-320.20,-318.70,,
36,-318.80,18520,20231020110000,-318.55,-318.95,-318.20,,
37,-318.55,34390,20231020101500,-317.85,-319.00,-317.55,,
38,-317.80,47917,20231020093000,-319.05,-319.10,-317.70,,
39,-319.05,63721,20231020084500,-321.00,-321.60,-318.80,,
40,-323.70,13662,20231019153000,-324.05,-324.15,-323.70,,
41,-324.00,25156,20231019144500,-323.95,-324.25,-323.70,,
42,-323.95,17599,20231019140000,-324.35,-324.65,-323.90,,
43,-324.35,14748,20231019131500,-324.50,-324.60,-323.95,,
44,-324.50,15844,20231019123000,-324.00,-324.55,-323.90,,
45,-323.95,20054,20231019114500,-324.40,-324.75,-323.70,,
46,-324.40,22362,20231019110000,-325.05,-325.45,-324.30,,
47,-325.05,32235,20231019101500,-325.55,-326.30,-324.85,,
48,-325.60,33247,20231019093000,-324.90,-325.85,-324.55,,
49,-324.90,68184,20231019084500,-326.50,-326.70,-324.45,,
50,+330.20,7721,20231018153000,+330.25,+330.25,+330.05,,
51,+330.20,16874,20231018144500,+329.90,+330.50,+329.85,,
52,+329.85,16656,20231018140000,+330.00,+330.10,+329.55,,
53,+330.00,12127,20231018131500,+330.05,+330.40,+329.95,,
54,+330.10,10266,20231018123000,+330.10,+330.35,+329.85,,
55,+330.15,19947,20231018114500,+329.35,+330.60,+329.30,,
56,+329.35,28265,20231018110000,+329.10,+330.30,+329.10,,
57,+329.10,26974,20231018101500,+328.95,+329.90,328.80,,
58,+328.95,34977,20231018093000,-328.70,+329.65,-328.45,,
59,-328.65,47747,20231018084500,-327.95,+329.15,-327.65,,
60,+328.80,9816,20231017153000,+328.95,+328.95,+328.65,,
61,+328.95,22186,20231017144500,+329.40,+329.65,+328.60,,
62,+329.40,19047,20231017140000,+328.80,+329.40,+328.50,,
63,+328.80,16016,20231017131500,+329.05,+329.55,+328.75,,
64,+329.00,22554,20231017123000,+329.35,+329.65,+328.35,,
65,+329.35,26211,20231017114500,+327.90,+329.40,+327.75,,
66,+327.90,19142,20231017110000,+327.80,+328.35,+327.40,,
67,+327.80,29565,20231017101500,+327.35,+328.00,+326.50,,
68,+327.30,27379,20231017093000,+327.55,+327.65,+326.45,,
69,+327.55,50120,20231017084500,+327.15,+327.95,+326.50,,
70,-324.85,8125,20231016153000,-324.95,-325.20,-324.85,,
71,-325.00,33610,20231016144500,-323.95,-325.45,-323.70,,
72,-324.00,20932,20231016140000,-323.60,-324.35,-323.55,,
73,-323.60,13921,20231016131500,-323.10,-323.75,-323.00,,
74,-323.05,12849,20231016123000,-323.20,-323.45,-322.90,,
75,-323.15,20109,20231016114500,-324.10,-324.15,-322.85,,
76,-324.05,18710,20231016110000,-324.50,-324.55,-323.85,,
77,-324.50,27089,20231016101500,-325.85,-325.95,-324.45,,
78,-325.85,37524,20231016093000,-326.35,-326.65,-325.05,,
79,-326.40,55511,20231016084500,-326.20,-327.30,-325.50,,
80,-327.85,8840,20231013153000,-327.35,-327.85,-327.25,,
81,-327.40,15063,20231013144500,-327.35,-327.65,-327.20,,
82,-327.35,12300,20231013140000,-327.15,-327.70,-327.05,,
83,-327.15,9026,20231013131500,-327.55,-327.85,-327.15,,
84,-327.60,10504,20231013123000,-327.65,-327.90,-327.35,,
85,-327.65,8945,20231013114500,-327.95,-328.25,-327.55,,
86,-327.95,17055,20231013110000,-327.95,-328.55,-327.75,,
87,-327.95,21508,20231013101500,-328.05,-328.45,-327.50,,
88,-328.05,33486,20231013093000,-327.55,-328.40,-327.15,,
89,-327.55,58805,20231013084500,-327.45,-328.60,-326.60,,
90,+330.45,14025,20231012153000,+330.35,+330.45,+330.05,,
91,+330.35,38537,20231012144500,+329.35,+330.60,+329.00,,
92,+329.35,18718,20231012140000,+329.30,+329.60,+329.05,,
93,+329.35,14334,20231012131500,+329.80,+329.85,+329.25,,
94,+329.75,14294,20231012123000,+329.50,+329.90,+329.45,,
95,+329.45,19023,20231012114500,+329.30,+329.55,+328.90,,
96,+329.30,26707,20231012110000,+329.65,+330.00,+329.25,,
97,+329.65,27761,20231012101500,+329.45,+330.15,+329.40,,
98,+329.45,36504,20231012093000,+329.40,+330.25,+329.30,,
99,+329.35,64218,20231012084500,+328.70,+330.10,+328.10,,
100,+327.00,11793,20231011153000,+326.40,+327.00,+326.40,,
101,+326.40,34245,20231011144500,+327.65,+327.95,+326.25,,
102,+327.65,21469,20231011140000,+327.45,+328.20,+327.40,,
103,+327.45,32094,20231011131500,+328.75,+328.75,+327.30,,
104,+328.75,17120,20231011123000,+328.55,+329.05,+328.55,,
105,+328.50,15817,20231011114500,+328.45,+328.65,+328.10,,
106,+328.40,20736,20231011110000,+327.65,+328.45,+327.30,,
107,+327.65,23625,20231011101500,+327.25,+328.00,+327.15,,
108,+327.20,35594,20231011093000,+327.05,+327.75,+326.65,,
109,+327.10,74718,20231011084500,+324.20,+327.50,+324.15,,
110,+321.45,10472,20231010153000,+321.20,+321.45,+321.10,,
111,+321.25,38311,20231010144500,+322.25,+322.25,+321.05,,
112,+322.20,33196,20231010140000,+322.30,+322.35,+321.05,,
113,+322.30,26824,20231010131500,+322.20,+322.50,+321.50,,
114,+322.25,24320,20231010123000,+323.60,+323.70,+322.10,,
115,+323.60,18335,20231010114500,+324.75,+324.75,+323.35,,
116,+324.70,15315,20231010110000,+324.65,+325.10,+324.35,,
117,+324.65,28682,20231010101500,+324.75,+325.55,+324.25,,
118,+324.75,39249,20231010093000,+326.40,+326.55,+324.50,,
119,+326.40,61902,20231010084500,+323.95,+326.50,+323.80,,
120,+320.50,6731,20231006153000,+320.50,+320.65,+320.40,,
121,+320.45,18259,20231006144500,+320.15,+320.90,+320.05,,
122,+320.20,15743,20231006140000,+320.70,+321.00,+320.10,,
123,+320.70,8410,20231006131500,+320.95,+321.00,+320.50,,
124,+320.95,10539,20231006123000,+320.50,+321.05,+320.35,,
125,+320.55,12917,20231006114500,+321.00,+321.20,+320.45,,
126,+321.00,23493,20231006110000,+320.90,+321.10,319.75,,
127,+320.90,22808,20231006101500,+321.10,+321.30,+320.55,,
128,+321.10,32781,20231006093000,+321.30,+321.60,+320.15,,
129,+321.30,51574,20231006084500,+319.90,+322.10,+319.85,,
130,-319.75,13404,20231005153000,-320.05,+320.30,-319.75,,
131,-320.00,31397,20231005144500,+320.45,+320.55,-319.75,,
132,+320.45,24303,20231005140000,+321.45,+321.50,+320.45,,
133,+321.45,16056,20231005131500,+322.10,+322.25,+321.30,,
134,+322.05,13771,20231005123000,+322.25,+322.45,+321.90,,
135,+322.20,13822,20231005114500,+322.05,+322.50,+321.85,,
136,+322.10,18093,20231005110000,+322.35,+322.40,+321.50,,
137,+322.35,29768,20231005101500,+321.35,+322.40,+320.95,,
138,+321.35,39454,20231005093000,-319.85,+321.35,-319.70,,
139,-319.90,58908,20231005084500,+322.00,+323.15,-319.80,,
140,-320.10,19150,20231004153000,-320.20,-320.70,-320.10,,
141,-320.15,33059,20231004144500,-320.35,-320.50,-319.80,,
142,-320.40,22666,20231004140000,-321.05,-321.10,-320.35,,
143,-321.05,19520,20231004131500,-320.25,-321.15,-320.10,,
144,-320.20,19456,20231004123000,-321.05,-321.15,-319.85,,
145,-321.05,17303,20231004114500,-320.70,-321.45,-320.30,,
146,-320.70,18960,20231004110000,-320.60,-321.00,-320.20,,
147,-320.60,34521,20231004101500,-320.30,-320.70,-319.75,,
148,-320.25,39425,20231004093000,-321.45,-321.50,-320.20,,
149,-321.50,81853,20231004084500,-324.80,-325.05,-321.20,,
150,+329.00,13169,20230927153000,+328.55,+329.00,+328.40,,
151,+328.55,27730,20230927144500,-327.80,+329.15,-327.65,,
152,-327.75,16262,20230927140000,-327.75,-328.15,-327.45,,
153,-327.75,15207,20230927131500,-327.50,-328.00,-327.20,,
154,-327.50,16870,20230927123000,-327.10,-327.55,-326.75,,
155,-327.10,17201,20230927114500,-327.35,-327.70,-326.85,,
156,-327.35,19066,20230927110000,-328.20,-328.20,-327.10,,
157,-328.20,28624,20230927101500,-327.65,+328.85,-327.50,,
158,-327.65,29198,20230927093000,-327.15,-327.95,-326.95,,
159,-327.10,62258,20230927084500,-326.10,+328.70,-325.90,,
160,-328.35,11982,20230926153000,-328.70,-328.80,-328.35,,
161,-328.65,23291,20230926144500,-329.05,-329.20,-328.45,,
162,-329.05,16496,20230926140000,-328.80,-329.35,-328.55,,
163,-328.80,11583,20230926131500,-328.60,-328.95,-328.55,,
164,-328.60,12491,20230926123000,-328.45,-329.15,-328.40,,
165,-328.45,12554,20230926114500,-328.60,-328.90,-328.35,,
166,-328.65,16964,20230926110000,-328.70,-329.00,-328.25,,
167,-328.70,25645,20230926101500,-329.25,-329.80,-328.55,,
168,-329.25,37063,20230926093000,-329.65,-330.00,-329.00,,
169,-329.60,53456,20230926084500,-333.00,+333.20,-329.50,,
170,+333.10,8442,20230925153000,+333.05,+333.15,+332.95,,
171,+333.05,21183,20230925144500,+333.15,+333.20,-332.40,,
172,+333.15,15885,20230925140000,+333.15,+333.60,-332.80,,
173,+333.15,10942,20230925131500,+333.15,+333.50,+333.00,,
174,+333.20,15331,20230925123000,-332.65,+333.30,-332.60,,
175,-332.65,12285,20230925114500,-332.15,-332.70,-331.90,,
176,-332.10,20680,20230925110000,-332.15,-332.30,-331.25,,
177,-332.20,19512,20230925101500,+333.30,+333.30,-332.15,,
178,+333.30,25358,20230925093000,+333.15,+333.65,-332.25,,
179,+333.20,35831,20230925084500,-332.20,+333.60,-331.65,,
180,-332.85,10073,20230922153000,-332.95,-333.10,-332.80,,
181,-332.95,21510,20230922144500,-333.55,-333.75,-332.60,,
182,-333.60,14313,20230922140000,-332.95,-333.60,-332.70,,
183,-332.95,12927,20230922131500,-333.40,-333.45,-332.55,,
184,-333.40,13750,20230922123000,-332.95,-333.55,-332.90,,
185,-332.95,19882,20230922114500,-332.45,-333.20,-332.25,,
186,-332.45,22727,20230922110000,-332.30,-333.10,-332.30,,
187,-332.25,32854,20230922101500,-331.15,-332.60,-330.45,,
188,-331.15,32341,20230922093000,-330.35,-331.40,-330.10,,
189,-330.40,48675,20230922084500,-331.45,-331.80,-330.20,,
190,-334.20,13629,20230921153000,-334.25,-334.55,-334.15,,
191,-334.25,23915,20230921144500,-334.55,-334.65,-334.00,,
192,-334.55,14528,20230921140000,-334.60,-334.85,-334.25,,
193,-334.60,15883,20230921131500,-334.45,-334.95,-334.30,,
194,-334.45,20487,20230921123000,-334.90,-335.10,-334.35,,
195,-334.85,18483,20230921114500,-335.30,-335.45,-334.85,,
196,-335.30,19950,20230921110000,-336.05,-336.30,-335.30,,
197,-336.10,30279,20230921101500,-336.55,-336.75,-335.80,,
198,-336.55,43288,20230921093000,-337.95,-338.00,-336.30,,
199,-337.95,45300,20230921084500,-338.00,-338.75,-337.80,,
200,-340.60,7694,20230920153000,-340.30,-340.65,-340.25,,
201,-340.30,20132,20230920144500,-339.95,-340.65,-339.70,,
202,-339.95,15346,20230920140000,-339.55,-340.25,-339.25,,
203,-339.55,10646,20230920131500,-339.70,-339.85,-339.35,,
204,-339.70,10736,20230920123000,-340.40,-340.45,-339.60,,
205,-340.40,11107,20230920114500,-340.15,-340.45,-339.80,,
206,-340.15,14504,20230920110000,-339.90,-340.15,-339.45,,
207,-339.95,21674,20230920101500,-340.45,+340.80,-339.85,,
208,-340.50,22779,20230920093000,-340.65,+341.35,-340.25,,
209,-340.65,38284,20230920084500,-340.70,+341.10,-339.95,,
210,-340.75,10190,20230919153000,-340.15,-340.75,-340.15,,
211,-340.15,16700,20230919144500,-339.90,-340.50,-339.75,,
212,-339.90,18478,20230919140000,-340.55,-340.55,-339.80,,
213,-340.50,12000,20230919131500,-341.00,-341.05,-340.25,,
214,-341.00,10015,20230919123000,-341.15,-341.30,-340.65,,
215,-341.15,17892,20230919114500,-341.05,-341.30,-340.45,,
216,-341.05,17432,20230919110000,-341.70,-342.15,-341.00,,
217,-341.70,20085,20230919101500,-341.90,-342.05,-341.30,,
218,-341.85,28626,20230919093000,+343.30,+343.60,-341.70,,
219,+343.35,44358,20230919084500,-342.70,+343.65,-342.40,,
220,-342.95,14470,20230918153000,-342.95,-343.15,-342.80,,
221,-342.95,16583,20230918144500,-342.90,-343.15,-342.85,,
222,-342.90,14818,20230918140000,-343.25,-343.40,-342.75,,
223,-343.20,12143,20230918131500,-343.50,-343.60,-343.00,,
224,-343.50,9552,20230918123000,-343.20,-343.50,-343.05,,
225,-343.20,15923,20230918114500,-343.30,-343.45,-342.90,,
226,-343.30,19102,20230918110000,-343.80,-344.25,-343.25,,
227,-343.80,24561,20230918101500,-344.55,-344.55,-343.60,,
228,-344.55,23015,20230918093000,-344.50,-345.05,-344.30,,
229,-344.55,48936,20230918084500,-345.00,-345.95,-344.30,,
230,+346.90,13906,20230915153000,+346.90,+347.05,+346.65,,
231,+346.90,29644,20230915144500,+347.50,+347.60,+346.60,,
232,+347.50,24268,20230915140000,+347.75,+347.80,+347.15,,
233,+347.75,20141,20230915131500,+347.45,+348.35,+347.35,,
234,+347.50,13494,20230915123000,+347.45,+347.65,+347.15,,
235,+347.50,17361,20230915114500,+347.30,+347.85,+347.10,,
236,+347.30,30511,20230915110000,+346.50,+347.45,+346.35,,
237,+346.45,30214,20230915101500,+345.80,+346.55,+345.20,,
238,+345.75,40597,20230915093000,+343.85,+345.90,+343.75,,
239,+343.80,44782,20230915084500,+343.10,+344.15,342.65,,
240,+342.65,12334,20230914153000,+342.40,+342.65,+342.10,,
241,+342.40,18411,20230914144500,+341.75,+342.65,+341.40,,
242,+341.75,9587,20230914140000,+341.40,+341.80,+341.25,,
243,+341.45,9961,20230914131500,+341.30,+341.70,+341.15,,
244,+341.30,10986,20230914123000,+340.75,+341.35,+340.65,,
245,+340.75,6142,20230914114500,+340.35,+340.90,+340.15,,
246,+340.35,8392,20230914110000,+340.40,+340.45,+339.85,,
247,+340.40,15661,20230914101500,+339.55,+340.75,+339.55,,
248,+339.60,9754,20230914093000,+339.05,+339.80,+338.80,,
249,+339.00,12851,20230914084500,+338.05,+339.30,+338.05,,
250,+337.60,2734,20230913153000,+337.55,+337.60,-337.40,,
251,+337.55,7095,20230913144500,+337.60,+337.90,-337.35,,
252,+337.55,6347,20230913140000,+337.95,+338.05,+337.50,,
253,+337.90,4330,20230913131500,-337.00,+337.95,-336.95,,
254,-336.95,3769,20230913123000,-337.20,-337.30,-336.70,,
255,-337.20,3734,20230913114500,-337.05,-337.40,-336.95,,
256,-337.00,5943,20230913110000,-337.20,+337.65,-336.45,,
257,-337.20,7547,20230913101500,+338.50,+338.70,-337.00,,
258,+338.55,7918,20230913093000,+338.75,+339.15,+338.20,,
259,+338.70,10248,20230913084500,-336.70,+339.05,-336.60,,
260,-337.45,992,20230912153000,-337.30,-337.45,-337.10,,
261,-337.30,4212,20230912144500,-337.95,-338.00,-337.05,,
262,-337.90,3093,20230912140000,-337.65,-338.20,-337.50,,
263,-337.65,2662,20230912131500,-338.00,-338.05,-337.50,,
264,-338.00,2310,20230912123000,-337.60,-338.05,-337.50,,
265,-337.60,2168,20230912114500,-338.00,-338.20,-337.50,,
266,-338.00,3433,20230912110000,-337.60,-338.20,-337.50,,
267,-337.70,4447,20230912101500,-338.30,-338.40,-337.30,,
268,-338.25,4606,20230912093000,-339.20,-339.45,-337.95,,
269,-339.20,6128,20230912084500,+340.70,+340.80,-339.10,,
270,+339.75,500,20230911153000,+339.25,+339.75,+339.20,,
271,+339.25,1204,20230911144500,+338.95,+339.25,+338.75,,
272,+338.95,1291,20230911140000,+338.85,+339.30,+338.55,,
273,+338.75,747,20230911131500,-338.00,+338.90,-338.00,,
274,-338.00,843,20230911123000,-337.80,-338.10,-337.50,,
275,-337.85,945,20230911114500,+338.60,+338.75,-337.85,,
276,+338.55,1296,20230911110000,+338.90,+339.25,+338.30,,
277,+338.85,1313,20230911101500,-338.20,+338.95,-337.50,,
278,338.25,1545,20230911093000,-338.20,+338.50,-337.50,,
279,338.25,1827,20230911084500,-338.15,+338.65,-337.05,,
280,+338.25,145,20230908153000,+338.25,+338.35,+338.10,,
281,+338.30,1698,20230908144500,-337.00,+338.30,-337.00,,
282,-336.95,1270,20230908140000,-335.85,-337.00,-335.80,,
283,-335.80,1167,20230908131500,-336.00,-336.20,-335.65,,
284,-336.05,913,20230908123000,-336.20,-336.40,-336.00,,
285,-336.20,969,20230908114500,-336.85,-336.90,-336.15,,
286,-336.90,906,20230908110000,-336.80,-337.20,-336.45,,
287,-336.75,1318,20230908101500,-337.00,-337.00,-336.30,,
288,-337.05,1512,20230908093000,-336.85,-337.20,-336.50,,
289,-336.90,1377,20230908084500,-337.75,+338.40,-336.85,,
290,-338.00,118,20230907153000,-337.90,-338.00,-337.85,,
291,-337.90,230,20230907144500,-337.25,-337.90,-337.25,,
292,-337.25,274,20230907140000,-337.85,-337.85,-337.15,,
293,-337.85,160,20230907131500,-338.50,-338.55,-337.75,,
294,-338.55,305,20230907123000,-337.80,-338.60,-337.75,,
295,-337.85,201,20230907114500,-337.50,-338.00,-337.20,,
296,-337.50,273,20230907110000,-337.15,-337.60,-337.00,,
297,-337.15,487,20230907101500,-337.95,-337.95,-336.95,,
298,-338.00,506,20230907093000,-338.25,-338.60,-337.85,,
299,-338.25,769,20230907084500,-337.80,-339.45,-337.75,,
300,-339.50,61,20230906153000,-339.55,-339.75,-339.50,,
301,-339.50,250,20230906144500,-339.60,-339.75,-339.35,,
302,-339.60,243,20230906140000,-339.85,-340.10,-339.35,,
303,-339.80,256,20230906131500,-339.50,-339.85,-339.50,,
304,-339.50,249,20230906123000,-339.45,-339.50,-339.15,,
305,-339.45,324,20230906114500,-340.15,-340.15,-339.30,,
306,-340.15,246,20230906110000,-340.05,-340.35,-339.80,,
307,-339.95,504,20230906101500,-341.05,-341.05,-339.80,,
308,-341.10,392,20230906093000,-341.85,+342.05,-340.95,,
309,-341.85,477,20230906084500,-341.20,-341.85,-340.70,,
310,-341.95,31,20230905153000,-341.80,-341.95,-341.75,,
311,-341.85,101,20230905144500,-341.55,-342.00,-341.55,,
312,-341.55,141,20230905140000,-342.05,+342.20,-341.35,,
313,-342.00,175,20230905131500,+342.20,+342.50,-342.00,,
314,+342.20,122,20230905123000,-341.95,+342.20,-341.80,,
315,-341.95,148,20230905114500,-341.50,-342.05,-341.40,,
316,-341.50,152,20230905110000,-341.45,-341.65,-341.10,,
317,-341.40,164,20230905101500,-341.55,-342.00,-341.10,,
318,-341.55,213,20230905093000,-342.00,+342.25,-341.20,,
319,342.10,691,20230905084500,+342.30,+342.85,-341.40,,
320,+342.10,71,20230904153000,+342.15,+342.35,+342.10,,
321,+342.10,262,20230904144500,+341.70,+342.15,+341.70,,
322,+341.70,251,20230904140000,+341.30,+341.85,+341.25,,
323,+341.20,129,20230904131500,+341.00,+341.50,+341.00,,
324,+341.05,150,20230904123000,+341.00,+341.25,+340.95,,
325,+341.00,196,20230904114500,+340.90,+341.40,+340.65,,
326,+340.90,196,20230904110000,+339.90,+341.00,+339.90,,
327,+339.90,198,20230904101500,+340.35,+340.35,-339.45,,
328,+340.30,317,20230904093000,+341.00,+341.35,+340.30,,
329,+340.90,778,20230904084500,+340.30,+341.30,+340.20,,
330,+339.80,32,20230901153000,+339.90,+339.90,+339.75,,
331,+339.85,151,20230901144500,+340.45,+340.55,+339.55,,
332,+340.35,339,20230901140000,+339.35,+340.55,+339.35,,
333,+339.15,65,20230901131500,+339.20,+339.50,+339.05,,
334,+339.25,171,20230901123000,+338.45,+339.35,+338.45,,
335,+338.50,67,20230901114500,+338.20,+338.50,+337.85,,
336,+338.20,127,20230901110000,+338.35,+338.55,+338.05,,
337,+338.35,190,20230901101500,+338.90,+338.90,+337.90,,
338,+338.75,233,20230901093000,+338.40,+339.30,+338.35,,
339,+338.35,298,20230901084500,-335.90,+338.40,-335.60,,
340,+336.60,38,20230831153000,+336.75,+336.75,+336.60,,
341,+336.80,134,20230831144500,-335.75,+336.85,-335.75,,
342,-335.65,128,20230831140000,-335.75,-336.05,-335.50,,
343,-335.80,95,20230831131500,-335.55,-335.90,-335.50,,
344,-335.55,89,20230831123000,-335.50,-335.75,-335.35,,
345,-335.25,91,20230831114500,-335.95,-335.95,-335.20,,
346,-336.05,108,20230831110000,-335.55,-336.10,-335.30,,
347,-335.55,209,20230831101500,-336.15,336.40,-335.50,,
348,-336.30,200,20230831093000,+337.05,+337.05,-336.15,,
349,+336.95,210,20230831084500,+337.10,+337.65,+336.90,,
350,+336.40,78,20230830153000,+336.65,+336.65,+336.35,,
351,+336.70,202,20230830144500,+337.15,+337.35,+336.65,,
352,+337.20,161,20230830140000,+337.35,+337.50,+337.10,,
353,+337.45,84,20230830131500,+338.10,+338.10,+337.45,,
354,+338.15,58,20230830123000,+337.95,+338.20,+337.90,,
355,+338.00,86,20230830114500,+338.40,+338.45,+337.95,,
356,+338.50,57,20230830110000,+338.70,+338.80,+338.40,,
357,+338.70,108,20230830101500,+338.35,+338.75,+338.25,,
358,+338.25,142,20230830093000,+338.55,+338.75,+338.15,,
359,+338.70,496,20230830084500,+338.05,+339.25,+338.05,,
360,+335.25,31,20230829153000,+335.55,+335.55,+335.25,,
361,+335.50,105,20230829144500,+335.80,+335.85,+335.45,,
362,+335.80,165,20230829140000,+335.55,+336.05,+335.55,,
363,+335.45,73,20230829131500,+335.50,+335.65,+335.15,,
364,+335.45,66,20230829123000,+335.65,+335.75,+335.45,,
365,+335.65,66,20230829114500,+335.45,+335.65,+335.25,,
366,+335.60,98,20230829110000,+335.20,+335.65,+335.05,,
367,+335.10,192,20230829101500,+335.25,+335.85,+335.00,,
368,+335.05,112,20230829093000,+335.30,+335.45,+334.75,,
369,+335.25,266,20230829084500,+335.60,+335.80,+334.35,,
370,+334.25,44,20230828153000,+334.05,+334.30,+334.05,,
371,+334.05,119,20230828144500,+333.50,+334.10,+333.50,,
372,+333.40,71,20230828140000,+333.30,+333.50,+333.10,,
373,+333.10,79,20230828131500,+333.35,+333.45,+333.10,,
374,+333.60,64,20230828123000,+333.85,+333.85,+333.35,,
375,+333.85,36,20230828114500,+334.10,+334.15,+333.80,,
376,+334.00,32,20230828110000,+333.80,+334.10,+333.50,,
377,+333.90,97,20230828101500,+333.80,+334.35,+333.50,,
378,+333.65,118,20230828093000,+333.15,+334.15,+333.10,,
379,+333.20,265,20230828084500,+333.65,+334.25,+332.60,,
380,-331.90,40,20230825153000,-331.70,-331.95,-331.70,,
381,-331.60,174,20230825144500,-331.65,-332.35,-331.50,,
382,-331.70,150,20230825140000,-331.65,-331.80,-331.45,,
383,-331.65,125,20230825131500,-332.15,-332.25,-331.65,,
384,-332.20,155,20230825123000,-331.70,-332.30,-331.40,,
385,-331.70,87,20230825114500,-331.90,-332.15,-331.70,,
386,-332.00,157,20230825110000,-333.00,-333.10,-331.95,,
387,-333.00,311,20230825101500,-332.20,-333.00,-331.20,,
388,-332.10,133,20230825093000,-331.80,-332.35,-331.45,,
389,-331.90,292,20230825084500,-331.00,-332.00,-330.40,,
390,+335.55,19,20230824153000,+335.40,+335.55,+335.15,,
391,+335.35,52,20230824144500,+335.25,+335.75,+335.20,,
392,+335.50,37,20230824140000,+335.60,+335.60,+335.30,,
393,+335.65,34,20230824131500,+335.00,+335.65,+334.90,,
394,+335.00,23,20230824123000,+335.20,+335.20,+334.80,,
395,+335.30,26,20230824114500,+335.35,+335.35,+334.95,,
396,+335.35,72,20230824110000,+334.85,+335.35,+334.85,,
397,+334.80,55,20230824101500,+334.55,+334.85,+334.10,,
398,+334.55,71,20230824093000,+334.85,+335.10,+334.25,,
399,+334.85,223,20230824084500,+334.80,+335.75,+334.20,,
400,-331.25,40,20230823153000,-331.05,-331.25,-331.00,,
401,-331.05,47,20230823144500,-330.75,-331.30,-330.70,,
402,-330.80,67,20230823140000,-330.60,-330.90,-330.40,,
403,-330.60,20,20230823131500,-330.55,-330.70,-330.10,,
404,-330.25,27,20230823123000,-330.05,-330.35,-330.00,,
405,-329.80,67,20230823114500,-330.50,-330.50,-329.75,,
406,-331.00,15,20230823110000,-330.70,-331.10,-330.55,,
407,-330.95,64,20230823101500,+331.75,+332.00,-330.95,,
408,331.70,47,20230823093000,-331.55,+331.95,-330.85,,
409,-331.40,95,20230823084500,-330.60,-331.50,-329.75,,
410,+331.70,4,20230822153000,+331.90,+331.95,+331.70,,
411,+331.95,77,20230822144500,+330.75,+332.15,+330.75,,
412,+330.85,73,20230822140000,+331.65,+331.70,330.60,,
413,+331.35,111,20230822131500,+332.20,+332.25,+331.35,,
414,+332.35,27,20230822123000,+332.55,+332.70,+332.25,,
415,+332.80,19,20230822114500,+332.40,+333.00,+332.40,,
416,+332.10,50,20230822110000,+332.45,+332.70,+332.00,,
417,+332.45,185,20230822101500,+332.40,+333.45,+332.00,,
418,+332.55,71,20230822093000,+332.60,+333.45,+332.10,,
419,+332.30,180,20230822084500,+332.60,+334.30,+332.25,,
420,+330.60,8,20230821153000,+330.65,+330.90,+330.60,,
421,+330.70,72,20230821144500,+330.70,+330.85,+330.40,,
422,+330.85,63,20230821140000,+331.00,+331.60,+330.70,,
423,+331.10,24,20230821131500,+332.10,+332.10,+331.10,,
424,+331.85,21,20230821123000,+331.95,+331.95,+331.50,,
425,+331.80,31,20230821114500,+332.25,+332.40,+331.80,,
426,+332.25,82,20230821110000,+331.20,+332.35,+331.05,,
427,+331.25,114,20230821101500,+332.20,+332.25,+330.70,,
428,+332.35,119,20230821093000,+332.35,+333.10,+332.15,,
429,+332.50,167,20230821084500,+330.35,+332.50,+330.35,,
430,-330.15,14,20230818153000,-330.75,-330.75,-330.15,,
431,-331.00,42,20230818144500,-330.50,-331.00,-330.25,,
432,-330.40,50,20230818140000,-330.10,-330.40,-329.40,,
433,-330.30,19,20230818131500,-330.10,-330.40,-329.90,,
434,-330.35,17,20230818123000,-330.55,-330.55,-330.05,,
435,-330.40,41,20230818114500,-330.40,-331.00,-330.05,,
436,-330.65,41,20230818110000,-332.00,-332.30,-330.55,,
437,-331.85,95,20230818101500,-330.95,-331.85,-330.80,,
438,-331.15,115,20230818093000,-329.85,-331.15,-329.60,,
439,-329.85,174,20230818084500,-329.65,-330.30,-328.10,,
440,-332.65,9,20230817153000,-332.25,-332.65,-332.25,,
441,-332.30,82,20230817144500,-331.30,-332.45,-331.30,,
442,-331.25,57,20230817140000,-332.10,-332.10,-331.10,,
443,-332.20,41,20230817131500,-331.45,-332.20,-331.45,,
444,-331.20,57,20230817123000,-331.95,-332.00,-331.05,,
445,-331.75,52,20230817114500,-331.10,-331.75,-330.95,,
446,-331.15,74,20230817110000,-330.35,-331.35,-329.95,,
447,-330.50,187,20230817101500,-329.25,-330.50,-328.60,,
448,-329.40,156,20230817093000,-328.50,-329.90,-328.10,,
449,-328.65,533,20230817084500,-331.60,-331.60,-328.60,,
450,-334.00,20,20230816153000,-333.50,-334.00,-333.50,,
451,-333.45,58,20230816144500,-333.55,-333.70,-333.05,,
452,-333.60,22,20230816140000,-333.95,-334.10,-333.60,,
453,-333.95,53,20230816131500,-334.05,-334.15,-333.60,,
454,-334.05,62,20230816123000,-334.75,-334.95,-334.05,,
455,-334.50,53,20230816114500,-334.50,-334.65,-334.10,,
456,-334.50,59,20230816110000,-335.00,-335.45,-334.50,,
457,-335.30,162,20230816101500,-334.20,-335.50,-333.90,,
458,-334.15,187,20230816093000,-335.45,-335.70,-334.10,,
459,-335.50,159,20230816084500,-337.05,-337.10,-335.10,,
460,-339.00,10,20230814153000,-338.80,-339.10,-338.80,,
461,-338.60,53,20230814144500,-338.55,-338.75,-338.35,,
462,-338.65,109,20230814140000,-337.80,-338.65,-337.80,,
463,-337.75,236,20230814131500,-338.25,-338.30,-337.75,,
464,-338.10,34,20230814123000,-338.15,-338.35,-337.75,,
465,-338.40,31,20230814114500,-338.30,-338.40,-338.00,,
466,-338.05,97,20230814110000,-339.20,-339.50,-338.05,,
467,-339.20,95,20230814101500,-339.55,-340.15,-339.20,,
468,-339.60,146,20230814093000,-341.85,-341.90,-339.00,,
469,-341.75,144,20230814084500,-341.15,-341.75,-340.35,,
470,-342.30,17,20230811153000,-342.00,-342.30,-342.00,,
471,-341.90,16,20230811144500,-342.20,-342.30,-341.80,,
472,-342.05,46,20230811140000,+342.60,+342.60,-341.80,,
473,+342.60,58,20230811131500,+343.20,+343.20,+342.60,,
474,+343.40,19,20230811123000,+343.35,+343.40,+343.05,,
475,+343.50,29,20230811114500,+343.30,+343.55,+343.00,,
476,+343.30,21,20230811110000,+343.50,+344.00,+343.15,,
477,+343.40,30,20230811101500,+344.15,+344.50,+343.30,,
478,+344.25,69,20230811093000,+344.60,+344.60,+343.65,,
479,+344.85,120,20230811084500,+342.70,+345.65,+342.65,,
480,-342.50,17,20230810153000,-342.80,-342.80,-342.50,,
481,-342.95,36,20230810144500,-342.60,-342.95,-342.30,,
482,-342.65,24,20230810140000,-342.55,-342.85,-342.40,,
483,-342.45,16,20230810131500,-342.05,-342.45,-342.05,,
484,-342.00,15,20230810123000,-342.35,-342.35,-342.00,,
485,-342.15,10,20230810114500,-342.40,-342.40,-342.00,,
486,-342.40,28,20230810110000,-342.00,-342.95,-342.00,,
487,-342.10,37,20230810101500,-342.10,-342.40,-341.80,,
488,-342.15,63,20230810093000,-342.30,-342.50,-341.80,,
489,-342.65,135,20230810084500,-344.00,-344.00,-342.15,,
490,+344.40,7,20230809153000,+344.25,+344.40,+344.15,,
491,+344.25,14,20230809144500,+344.65,+344.75,+344.20,,
492,+344.50,20,20230809140000,+344.95,+345.00,+344.40,,
493,+344.90,39,20230809131500,+344.65,+344.90,+344.25,,
494,+344.90,28,20230809123000,+343.90,+345.00,+343.90,,
495,+343.85,30,20230809114500,+343.75,+344.20,+343.75,,
496,+343.55,16,20230809110000,+343.80,+343.80,+343.30,,
497,+343.65,50,20230809101500,+343.70,+344.10,+343.65,,
498,+343.45,76,20230809093000,+343.90,+344.00,+342.90,,
499,+343.60,169,20230809084500,-340.70,+343.60,-340.20,,
500,-340.95,6,20230808153000,-340.85,-341.00,-340.85,,
501,-340.65,51,20230808144500,-340.70,-340.90,-340.00,,
502,-340.80,72,20230808140000,-341.60,-341.60,-340.75,,
503,-341.65,8,20230808131500,-341.55,-341.65,-341.50,,
504,-341.50,14,20230808123000,-341.50,-341.85,-341.30,,
505,-341.30,33,20230808114500,-341.85,-342.15,-341.30,,
506,-342.15,69,20230808110000,-340.45,-342.60,-340.45,,
507,-340.45,172,20230808101500,-342.40,-342.45,-340.00,,
508,-342.35,131,20230808093000,+343.85,+344.60,-342.20,,
509,+343.60,145,20230808084500,+344.35,+345.20,+343.10,,
510,-342.75,21,20230807153000,-343.55,-343.55,-342.70,,
511,-343.55,19,20230807144500,-343.95,344.25,-343.55,,
512,-343.75,25,20230807140000,-343.20,-344.10,-343.20,,
513,-343.40,27,20230807131500,-343.70,-343.90,-343.10,,
514,-343.55,29,20230807123000,+344.80,+344.80,-343.55,,
515,+344.35,24,20230807114500,+345.45,+345.60,+344.35,,
516,+345.20,17,20230807110000,+345.75,+346.00,+345.05,,
517,+345.60,61,20230807101500,+345.50,+345.60,+344.50,,
518,+344.80,35,20230807093000,+344.45,+345.35,-343.60,,
519,+344.50,120,20230807084500,-343.15,+345.00,-342.20,,
520,344.25,10,20230804153000,-344.05,344.25,-344.05,,
521,-344.20,13,20230804144500,+345.00,+345.00,-344.20,,
522,+344.90,5,20230804140000,+344.60,+344.90,+344.60,,
523,+344.80,14,20230804131500,+344.90,+345.00,344.25,,
524,+345.00,6,20230804123000,+344.65,+345.00,+344.65,,
525,+344.60,12,20230804114500,+344.45,+345.45,+344.45,,
526,+344.30,31,20230804110000,+344.35,+344.70,-343.50,,
527,-344.15,53,20230804101500,-344.15,+344.85,-343.50,,
528,+344.80,59,20230804093000,+344.45,+344.80,-343.70,,
529,-344.15,34,20230804084500,344.25,+345.55,-343.70,,
530,-344.25,3,20230803153000,-344.25,-344.25,-344.25,,
531,-344.25,47,20230803144500,-343.55,-344.35,-343.50,,
532,-343.50,65,20230803140000,-344.30,-345.10,-343.30,,
533,-344.25,19,20230803131500,-344.80,-344.80,-344.15,,
534,-344.85,27,20230803123000,-344.40,-344.90,-343.75,,
535,-344.40,46,20230803114500,-343.55,-344.40,-343.20,,
536,-343.45,100,20230803110000,-345.10,-345.40,-343.30,,
537,-345.00,84,20230803101500,+347.10,+347.10,-345.00,,
538,-346.40,37,20230803093000,+347.00,+347.45,-346.30,,
539,-346.75,147,20230803084500,346.95,+347.65,-345.25,,
540,-346.95,7,20230802153000,-347.00,-347.00,-346.95,,
541,-346.70,20,20230802144500,-347.10,-347.15,-346.70,,
542,-347.50,51,20230802140000,-347.25,-347.90,-346.95,,
543,-347.25,104,20230802131500,-348.50,-348.50,-346.50,,
544,-348.60,23,20230802123000,-348.70,-348.70,-348.50,,
545,-348.95,65,20230802114500,-349.50,-349.50,-348.50,,
546,-349.50,47,20230802110000,-350.40,-350.40,-349.50,,
547,-350.60,88,20230802101500,-352.55,-352.55,-350.60,,
548,-352.35,32,20230802093000,-352.50,-352.65,-351.90,,
549,-352.50,99,20230802084500,-353.35,-353.35,-351.40,,
550,+354.30,12,20230801153000,+354.50,+354.75,+354.30,,
551,+354.50,117,20230801144500,+353.75,+354.80,+353.70,,
552,+353.70,48,20230801140000,+353.45,+353.90,+353.40,,
553,+353.45,54,20230801131500,+353.70,+353.70,+352.90,,
554,+353.65,14,20230801123000,+353.80,+353.90,+353.65,,
555,+353.75,12,20230801114500,+353.60,+353.75,+353.30,,
556,+353.60,62,20230801110000,+353.75,+353.90,+353.25,,
557,+353.60,92,20230801101500,+353.05,+353.85,+353.05,,
558,+352.90,154,20230801093000,+352.10,+353.15,+352.05,,
559,+352.10,186,20230801084500,+349.50,+352.50,+349.50,,
560,+349.20,3,20230731153000,+349.05,+349.20,+349.05,,
561,+349.10,30,20230731144500,+349.35,+349.40,+348.65,,
562,+349.45,30,20230731140000,+348.80,+349.45,+348.80,,
563,+348.25,5,20230731131500,+348.65,+348.70,+348.25,,
564,+348.15,14,20230731123000,+348.55,+348.70,+348.15,,
565,+348.75,25,20230731114500,+349.10,+349.10,+348.50,,
566,+348.80,12,20230731110000,+348.85,+349.10,+348.70,,
567,+349.00,97,20230731101500,+349.75,+350.35,+349.00,,
568,+349.45,62,20230731093000,+350.00,+350.10,+348.90,,
569,+349.80,127,20230731084500,+348.80,+350.35,+348.80,,
570,-346.90,76,20230728150000,-347.15,-347.70,-346.90,,
571,-347.20,19,20230728141500,-346.20,-347.20,-346.20,,
572,-346.20,20,20230728133000,-345.70,-346.20,-345.70,,
573,-345.20,78,20230728124500,-346.50,-346.50,-344.80,,
574,-347.65,156,20230728120000,-346.30,-347.90,-345.90,,
575,-346.20,49,20230728111500,-345.50,-346.20,-345.50,,
576,-345.10,11,20230728103000,-345.95,-346.15,-345.10,,
577,-346.00,74,20230728094500,-345.20,-346.00,-344.80,,
578,-345.25,80,20230728090000,-347.00,-347.15,-345.25,,
579,+348.30,2,20230727154500,+348.30,+348.30,+348.30,,
580,+348.00,33,20230727150000,+347.55,+348.30,+347.50,,
581,+347.70,26,20230727141500,+348.25,+348.25,+347.45,,
582,+348.25,14,20230727133000,+348.45,+348.60,+348.20,,
583,+348.45,38,20230727124500,+347.75,+348.55,+347.75,,
584,+347.90,76,20230727120000,+347.70,+347.90,+347.20,,
585,+347.50,81,20230727111500,+348.40,+348.40,+347.50,,
586,+348.60,108,20230727103000,+346.85,+348.60,+346.80,,
587,+346.95,44,20230727094500,+345.75,+346.95,+345.75,,
588,+345.50,79,20230727090000,+345.25,+345.75,+344.45,,
589,-344.35,1,20230726154500,-344.35,-344.35,-344.35,,
590,-344.15,25,20230726150000,-343.90,-344.50,-343.70,,
591,-344.05,20,20230726141500,-344.45,-344.70,-344.05,,
592,-344.10,40,20230726133000,-345.70,-345.70,-344.05,,
593,-346.20,24,20230726124500,-346.00,-346.30,-345.50,,
594,-346.30,42,20230726120000,-346.90,-347.10,-346.30,,
595,-346.65,63,20230726111500,-345.50,-346.90,-345.40,,
596,-345.35,57,20230726103000,-344.85,-345.40,-344.20,,
597,-345.00,46,20230726094500,-345.70,-345.70,-345.00,,
598,-345.70,133,20230726090000,348.25,+348.85,-345.70,,
599,+348.25,1,20230725154500,+348.25,+348.25,+348.25,,
600,+348.30,74,20230725150000,+348.00,+348.70,347.85,,
601,+347.95,5,20230725141500,-347.30,+347.95,-347.30,,
602,-347.20,25,20230725133000,+347.90,+347.90,-347.20,,
603,+348.10,32,20230725124500,-347.65,+348.25,-347.65,,
604,-347.65,19,20230725120000,+347.95,+347.95,-347.65,,
605,+347.95,21,20230725111500,+347.95,+348.45,+347.90,,
606,+348.05,67,20230725103000,-347.25,+348.25,-347.25,,
607,-346.75,50,20230725094500,-347.50,-347.65,-346.30,,
608,-347.50,60,20230725090000,+349.20,+349.30,-347.40,,
609,+347.85,3,20230724154500,+347.85,+347.85,+347.85,,
610,+348.05,38,20230724150000,+348.40,+348.40,+347.85,,
611,+348.05,59,20230724141500,+348.20,+348.30,+347.90,,
612,+348.05,58,20230724133000,+347.50,+348.15,+347.05,,
613,+347.50,52,20230724124500,+347.70,+348.10,+347.50,,
614,+347.90,89,20230724120000,+348.25,+348.65,+347.75,,
615,+348.25,78,20230724111500,+347.80,+349.10,+347.65,,
616,+347.95,128,20230724103000,+346.60,+348.15,+346.50,,
617,+346.25,34,20230724094500,+346.60,+347.10,-345.85,,
618,+346.80,186,20230724090000,-345.10,+347.65,-344.00,,
619,+345.90,8,20230721154500,+345.90,+345.90,+345.90,,
620,+345.70,42,20230721150000,+345.60,+345.90,+345.35,,
621,+345.55,16,20230721141500,-345.00,+345.65,-345.00,,
622,-345.05,13,20230721133000,-345.00,+345.30,-345.00,,
623,-344.75,15,20230721124500,-344.40,-344.75,-344.30,,
624,-344.75,21,20230721120000,-344.40,-345.05,-344.40,,
625,-344.40,11,20230721111500,-344.05,-344.40,-344.05,,
626,-344.05,57,20230721103000,-342.70,-344.20,-342.70,,
627,-342.60,44,20230721094500,-342.00,-342.60,-341.70,,
628,-341.80,207,20230721090000,-343.35,-343.35,-340.90,,
629,-345.25,5,20230720154500,-345.25,-345.25,-345.25,,
630,-345.40,25,20230720150000,-346.15,-346.15,-345.40,,
631,-345.85,14,20230720141500,-346.15,-346.15,-345.70,,
632,-346.15,7,20230720133000,-345.90,-346.15,-345.50,,
633,-345.70,24,20230720124500,-346.15,-346.15,-345.50,,
634,-346.35,12,20230720120000,-345.60,-346.35,-345.60,,
635,-345.40,43,20230720111500,+346.60,+346.60,-345.25,,
636,+346.60,19,20230720103000,-346.15,+346.70,-346.15,,
637,-346.05,31,20230720094500,-345.80,-346.10,-345.70,,
638,-345.70,72,20230720090000,-344.45,-345.75,-344.00,,
639,-346.45,3,20230719154500,-346.45,-346.45,-346.45,,
640,-346.75,64,20230719150000,-346.55,-347.10,-346.55,,
641,-346.50,6,20230719141500,-346.15,-346.50,-346.15,,
642,-346.15,1,20230719133000,-346.15,-346.15,-346.15,,
643,-345.70,25,20230719124500,-345.75,-345.95,-345.60,,
644,-345.85,32,20230719111500,-346.25,-346.25,-345.80,,
645,-346.35,59,20230719103000,+347.60,+347.70,-346.00,,
646,-347.30,48,20230719094500,+347.75,+348.15,-347.30,,
647,+348.25,107,20230719090000,+348.65,+349.20,-347.30,,
648,-347.45,1,20230718154500,-347.45,-347.45,-347.45,,
649,-347.30,19,20230718150000,-347.05,-347.30,-347.00,,
650,-347.25,7,20230718141500,-347.00,-347.25,-346.90,,
651,-347.25,19,20230718133000,-347.20,-347.30,-346.95,,
652,-347.10,24,20230718124500,-346.90,-347.15,-346.90,,
653,-346.80,6,20230718120000,-347.10,-347.15,-346.80,,
654,-347.40,11,20230718111500,-347.10,-347.40,-347.00,,
655,-347.10,62,20230718103000,-348.75,-348.75,-347.00,,
656,-349.00,35,20230718094500,-348.95,-349.20,-348.25,,
657,-348.75,98,20230718090000,+350.40,+350.75,-348.25,,
658,-349.80,3,20230717154500,-349.80,-349.80,-349.80,,
659,-349.70,22,20230717150000,-349.10,-349.70,-349.10,,
660,-349.30,7,20230717141500,-349.30,-349.45,-349.30,,
661,-349.45,4,20230717133000,-349.15,-349.45,-349.15,,
662,-349.15,60,20230717124500,-349.15,-349.20,-348.80,,
663,-349.10,58,20230717120000,-349.75,-349.80,-349.10,,
664,-349.60,56,20230717111500,-350.00,-350.00,-349.50,,
665,-350.05,74,20230717103000,+350.45,+350.80,-350.05,,
666,+350.55,38,20230717094500,-349.75,+350.55,-349.65,,
667,-349.30,118,20230717090000,-349.40,-350.20,-348.75,,
668,+350.25,12,20230714154500,+350.25,+350.25,+350.25,,
669,+350.35,76,20230714150000,+350.40,+351.05,+350.35,,
670,+350.20,19,20230714141500,+350.00,+350.45,+350.00,,
671,+350.25,12,20230714133000,+350.10,+350.25,+350.00,,
672,+349.95,29,20230714124500,+350.60,+350.65,+349.95,,
673,+350.30,35,20230714120000,+350.15,+350.60,+350.05,,
674,+350.20,26,20230714111500,+350.50,+350.50,+350.15,,
675,+350.50,151,20230714103000,+349.40,+350.65,+349.35,,
676,+349.30,149,20230714094500,+348.40,+349.30,+348.15,,
677,+348.20,118,20230714090000,+347.30,+348.35,+346.70,,
678,+345.50,26,20230713150000,+345.65,+345.80,+345.30,,
679,+345.55,32,20230713141500,+346.10,+346.15,+345.45,,
680,+346.15,13,20230713133000,+345.85,+346.15,+345.70,,
681,+346.20,12,20230713124500,+346.00,+346.40,+346.00,,
682,+346.20,21,20230713120000,+346.35,+346.45,+346.20,,
683,+346.35,23,20230713111500,+346.65,+346.65,+346.30,,
684,+346.65,92,20230713103000,+345.15,+346.65,+345.15,,
685,+345.10,32,20230713094500,+345.90,+346.05,+345.10,,
686,+345.90,133,20230713090000,+345.60,+346.05,+345.25,,
687,+342.75,37,20230712150000,+342.45,+342.90,+342.45,,
688,+342.20,42,20230712141500,+342.20,+342.50,+342.05,,
689,+342.15,20,20230712133000,+341.95,+342.30,+341.95,,
690,+341.90,24,20230712124500,+341.60,+341.90,+341.25,,
691,+341.90,11,20230712120000,+341.90,+342.05,+341.70,,
692,+342.10,41,20230712111500,-340.70,+342.10,-340.70,,
693,-340.70,22,20230712103000,-339.95,+340.95,-339.95,,
694,-339.75,45,20230712094500,-340.35,-340.70,-339.75,,
695,-340.20,45,20230712090000,340.85,+341.15,-339.95,,
696,+340.85,3,20230711154500,+340.85,+340.85,+340.85,,
697,+340.55,69,20230711150000,+339.85,+340.65,+339.85,,
698,+339.75,28,20230711141500,+339.40,+339.80,+339.35,,
699,+339.40,10,20230711133000,+339.60,+339.75,+339.25,,
700,+339.35,8,20230711124500,+339.60,+339.70,+339.35,,
701,+339.65,20,20230711120000,+339.55,+339.75,+339.30,,
702,+339.55,33,20230711111500,+338.50,+339.55,+338.50,,
703,+338.55,21,20230711103000,+338.65,+339.05,+338.40,,
704,+338.80,51,20230711094500,+338.70,+338.95,+338.25,,
705,+338.55,119,20230711090000,+337.00,+338.70,+336.60,,
706,-334.55,8,20230710154500,-334.55,-334.55,-334.55,,
707,-334.50,51,20230710150000,334.70,334.70,-334.05,,
708,-334.50,63,20230710141500,+336.00,+336.00,-334.50,,
709,+335.85,53,20230710133000,+335.70,+336.40,+335.70,,
710,+335.55,28,20230710124500,-334.50,+335.55,-334.50,,
711,-334.55,44,20230710120000,+336.25,+336.45,-334.45,,
712,+336.15,10,20230710111500,+336.65,+336.70,+336.00,,
713,+336.40,60,20230710103000,+337.05,+337.10,+335.90,,
714,+337.05,79,20230710094500,+335.60,+337.05,+335.60,,
715,+335.60,127,20230710090000,+335.50,+336.40,-333.90,,
716,-334.70,2,20230707154500,-334.70,-334.70,-334.70,,
717,-334.80,26,20230707150000,-335.60,-335.60,-334.80,,
718,-335.40,41,20230707141500,-335.30,-335.65,-335.15,,
719,-335.35,30,20230707133000,-335.35,-335.55,-334.75,,
720,-335.20,20,20230707124500,-335.15,-335.35,-334.70,,
721,-335.15,38,20230707120000,-334.80,-335.65,-334.80,,
722,-334.40,22,20230707111500,-334.15,-334.85,-334.15,,
723,-334.10,92,20230707103000,-335.55,-335.55,-334.05,,
724,-335.50,44,20230707094500,-335.60,-336.55,-335.20,,
725,-335.75,213,20230707090000,-338.00,-338.10,-335.35,,
726,-339.80,3,20230706154500,-339.80,-339.80,-339.80,,
727,-339.95,65,20230706150000,-339.90,-340.05,-339.55,,
728,-340.10,16,20230706141500,-340.85,-340.85,-340.10,,
729,-340.95,31,20230706133000,-339.95,-340.95,-339.90,,
730,-339.95,65,20230706124500,-340.75,-340.75,-339.75,,
731,-340.95,23,20230706120000,-341.90,-341.95,-340.80,,
732,-341.90,27,20230706111500,-342.30,-342.30,-341.60,,
733,-342.45,55,20230706103000,-341.90,342.50,-341.90,,
734,-341.85,61,20230706094500,-340.90,-342.00,-340.90,,
735,-340.90,121,20230706090000,-342.40,-342.40,-340.20,,
736,-342.50,4,20230705154500,-342.50,-342.50,-342.50,,
737,-342.55,35,20230705150000,-343.05,-343.15,-342.50,,
738,-343.20,25,20230705141500,-343.50,-343.60,-343.10,,
739,-343.20,28,20230705133000,-343.40,-343.60,-343.20,,
740,-343.85,23,20230705124500,-344.00,-344.20,-343.85,,
741,-344.00,17,20230705120000,-343.60,-344.00,-343.40,,
742,-343.60,5,20230705111500,-343.80,-343.95,-343.55,,
743,-343.80,19,20230705103000,-343.65,-344.00,-343.55,,
744,-343.65,27,20230705094500,-344.15,-344.20,-343.55,,
745,-344.20,76,20230705090000,-345.50,+346.70,-344.20,,
746,-345.80,25,20230704150000,-346.00,-346.00,-345.80,,
747,-346.00,6,20230704141500,-346.05,-346.05,-346.00,,
748,-346.30,30,20230704133000,-346.15,-346.30,-345.90,,
749,-346.30,3,20230704124500,-346.50,-346.50,-346.30,,
750,-346.50,1,20230704120000,-346.50,-346.50,-346.50,,
751,-346.05,13,20230704111500,-346.50,-346.50,-346.05,,
752,-346.15,23,20230704103000,-346.25,-346.50,-346.05,,
753,-346.50,14,20230704094500,-346.75,-346.75,-346.35,,
754,-347.10,57,20230704090000,-347.40,+347.70,-346.40,,
755,+347.50,1,20230703154500,+347.50,+347.50,+347.50,,
756,+347.50,35,20230703150000,+346.45,+347.50,+346.45,,
757,+346.65,8,20230703141500,+346.85,+347.00,+346.65,,
758,+346.45,13,20230703133000,+347.20,+347.20,+346.45,,
759,+347.35,11,20230703124500,+347.10,+347.35,+347.10,,
760,+347.30,7,20230703120000,+347.30,+347.30,+346.90,,
761,+347.20,28,20230703111500,+347.10,+347.20,+346.80,,
762,+347.10,61,20230703103000,+346.75,+347.55,+346.75,,
763,+346.65,64,20230703094500,+346.20,+346.65,+346.05,,
764,+346.00,109,20230703090000,+343.50,+346.15,+343.50,,
765,+342.40,2,20230630154500,+342.40,+342.40,+342.40,,
766,+342.15,25,20230630150000,+342.20,+342.30,+342.00,,
767,+342.45,46,20230630141500,+342.50,+343.00,+342.40,,
768,+342.30,19,20230630133000,+342.05,+342.50,+342.05,,
769,+342.05,25,20230630124500,+341.55,+342.35,+341.55,,
770,+341.50,18,20230630120000,+341.00,+341.50,-340.85,,
771,+341.00,19,20230630111500,+341.00,+341.45,340.95,,
772,+341.20,23,20230630103000,-340.70,+341.70,-340.70,,
773,-340.80,33,20230630094500,-340.35,+341.45,-340.30,,
774,-340.40,151,20230630090000,+341.55,+341.85,-338.90,,
775,-340.95,2,20230629154500,-340.95,-340.95,-340.95,,
776,-341.10,23,20230629150000,+341.80,+341.85,-341.00,,
777,+341.60,23,20230629141500,+341.90,+341.90,+341.45,,
778,+341.80,8,20230629133000,+341.85,+341.95,+341.70,,
779,+341.70,14,20230629124500,+341.50,+341.95,+341.50,,
780,+341.50,21,20230629120000,+341.70,+341.95,+341.45,,
781,+341.80,39,20230629111500,+342.25,+342.50,+341.75,,
782,+342.30,55,20230629103000,+344.20,+344.30,+342.05,,
783,+344.15,32,20230629094500,+343.80,+344.25,+343.40,,
784,+343.50,112,20230629090000,+342.10,+343.85,+342.10,,
785,-341.25,2,20230628154500,-341.25,-341.25,-341.25,,
786,-341.25,10,20230628150000,-341.45,-341.50,-341.20,,
787,-341.35,13,20230628141500,-341.20,-341.60,-341.20,,
788,-341.15,10,20230628133000,-341.05,-341.35,-341.05,,
789,-340.95,25,20230628124500,-341.10,-341.15,-340.85,,
790,-341.35,22,20230628120000,-341.70,-341.70,-341.30,,
791,-341.70,18,20230628111500,-341.10,-341.75,-341.05,,
792,-341.15,34,20230628103000,-342.00,-342.00,-341.15,,
793,-341.95,40,20230628094500,-342.20,-342.20,-341.60,,
794,-342.30,82,20230628090000,+344.60,+344.60,-342.30,,
795,-343.30,2,20230627154500,-343.30,-343.30,-343.30,,
796,-343.15,10,20230627150000,-343.00,-343.25,-343.00,,
797,-343.00,3,20230627141500,-342.80,-343.00,-342.70,,
798,-343.00,9,20230627133000,-342.60,-343.00,-342.60,,
799,-342.80,43,20230627124500,-342.40,-342.80,-342.30,,
800,-342.40,16,20230627120000,-342.20,-342.40,-341.90,,
801,-342.30,9,20230627111500,-342.85,-342.95,-342.30,,
802,-343.05,45,20230627103000,-341.80,+343.45,-341.65,,
803,-342.00,34,20230627094500,-342.35,-342.50,-341.75,,
804,-342.40,70,20230627090000,-343.10,-343.15,-341.75,,
805,+343.35,11,20230626150000,+343.40,+343.65,+343.35,,
806,+343.50,7,20230626141500,+343.40,+343.50,+343.20,,
807,+343.55,2,20230626133000,+343.40,+343.55,+343.40,,
808,+343.50,16,20230626124500,+343.35,+343.85,+343.35,,
809,+343.40,7,20230626120000,+343.60,+343.80,+343.30,,
810,+343.65,1,20230626111500,+343.65,+343.65,+343.65,,
811,+343.75,23,20230626103000,+343.60,+343.80,+343.20,,
812,+343.50,27,20230626094500,+342.45,+343.60,+342.25,,
813,+342.70,102,20230626090000,-341.25,+342.75,-340.95,,
814,-341.80,4,20230623154500,-341.80,-341.80,-341.80,,
815,-341.95,13,20230623150000,-342.05,-342.10,-341.75,,
816,-341.95,30,20230623141500,-341.65,-342.05,-341.55,,
817,-342.00,11,20230623133000,-341.50,-342.00,-341.50,,
818,-341.70,6,20230623124500,-342.05,-342.05,-341.70,,
819,-342.00,21,20230623120000,-342.00,-342.25,-341.85,,
820,-341.85,17,20230623111500,-341.75,-342.00,-341.55,,
821,-341.90,55,20230623103000,-342.55,-342.60,-341.60,,
822,-342.80,31,20230623094500,-343.40,-343.40,-342.65,,
823,-343.25,79,20230623090000,+345.00,+345.25,-343.15,,
824,+344.05,1,20230622154500,+344.05,+344.05,+344.05,,
825,+344.10,26,20230622150000,+343.80,+344.20,+343.50,,
826,+344.10,19,20230622141500,+344.00,+344.10,+343.75,,
827,+344.15,12,20230622133000,+344.70,+344.70,+344.15,,
828,+344.55,26,20230622124500,+344.30,+344.90,+344.30,,
829,+344.10,8,20230622120000,+344.35,+344.35,+344.00,,
830,+344.35,2,20230622111500,+344.55,+344.55,+344.35,,
831,+344.25,27,20230622103000,+344.00,+344.55,+343.95,,
832,+344.00,22,20230622094500,+344.00,+344.50,+343.85,,
833,+343.95,72,20230622090000,-342.05,+344.10,-342.05,,
834,-342.95,1,20230621154500,-342.95,-342.95,-342.95,,
835,-343.05,31,20230621150000,-342.90,-343.05,-342.80,,
836,-343.15,35,20230621141500,-343.60,-343.60,-342.95,,
837,-343.75,10,20230621133000,-343.55,-343.85,-343.55,,
838,-343.75,29,20230621124500,-343.70,-343.85,-343.40,,
839,-343.70,23,20230621120000,-344.15,-344.15,-343.60,,
840,-344.15,14,20230621111500,-344.50,-344.75,-344.00,,
841,-344.35,31,20230621103000,-344.20,-344.50,-343.95,,
842,-344.15,35,20230621094500,-344.55,-345.05,-344.05,,
843,-344.55,69,20230621090000,-345.35,-345.40,-344.25,,
844,-346.10,5,20230620150000,-346.10,-346.25,-346.10,,
845,-345.85,34,20230620141500,-345.80,-346.25,-345.50,,
846,-345.95,16,20230620133000,-346.40,-346.40,-345.90,,
847,-346.30,25,20230620124500,-346.45,-346.60,-346.25,,
848,-346.20,25,20230620120000,-345.80,-346.20,-345.80,,
849,-345.45,5,20230620111500,-345.35,-345.45,-345.35,,
850,-345.20,37,20230620103000,-346.20,-346.50,-345.20,,
851,-345.90,34,20230620094500,-345.25,-346.20,-345.25,,
852,-345.15,89,20230620090000,-346.10,-346.30,-344.80,,
853,-347.00,1,20230619154500,-347.00,-347.00,-347.00,,
854,-346.75,24,20230619150000,-346.40,-347.00,-346.40,,
855,-346.45,6,20230619141500,-346.45,-346.60,-346.45,,
856,-346.25,5,20230619133000,-346.25,-346.25,-346.00,,
857,-346.20,22,20230619124500,-346.10,-346.20,-345.85,,
858,-346.20,8,20230619120000,-346.60,-346.60,-346.20,,
859,-346.70,10,20230619111500,-346.30,-346.75,-346.30,,
860,-346.35,33,20230619103000,-346.20,-346.45,-345.90,,
861,-346.15,60,20230619094500,-346.50,-346.80,-346.05,,
862,-346.40,77,20230619090000,-347.80,-348.15,-346.20,,
863,+349.05,30,20230616150000,+348.40,+349.20,+348.40,,
864,+348.50,27,20230616141500,+347.85,+348.80,+347.75,,
865,+347.70,30,20230616133000,+348.40,+348.65,+347.70,,
866,+348.40,17,20230616124500,+347.80,+348.40,+347.80,,
867,+347.65,12,20230616120000,+347.20,+347.65,+347.05,,
868,347.00,7,20230616111500,347.00,+347.20,347.00,,
869,-346.90,26,20230616103000,+347.60,+347.70,-346.90,,
870,+347.90,34,20230616094500,+348.35,+348.45,+347.65,,
871,+348.05,89,20230616090000,+348.50,+349.00,+347.35,,
872,-347.00,5,20230615154500,-347.00,-347.00,-347.00,,
873,-347.25,28,20230615150000,-347.45,-347.45,-346.80,,
874,-347.55,62,20230615141500,-347.65,+348.35,-347.40,,
875,-347.35,15,20230615133000,-347.05,-347.65,-347.00,,
876,-347.05,40,20230615124500,-347.80,-348.00,-347.05,,
877,-347.60,20,20230615120000,-347.65,-347.75,-347.25,,
878,-347.55,25,20230615111500,-346.90,-347.55,-346.90,,
879,-346.95,72,20230615103000,348.25,+348.40,-346.85,,
880,-348.00,46,20230615094500,+349.10,+349.15,-347.85,,
881,+349.10,50,20230615090000,+349.25,+350.30,+349.00,,
882,-348.25,13,20230614150000,-348.40,-348.65,-348.20,,
883,-348.20,23,20230614141500,-348.35,-348.50,-347.95,,
884,-348.35,39,20230614133000,-348.50,-348.50,-347.80,,
885,-348.55,16,20230614124500,-348.30,-348.55,-347.90,,
886,-348.05,26,20230614120000,-348.80,-348.90,-348.00,,
887,-348.85,26,20230614111500,-348.85,-349.10,-348.40,,
888,-348.90,22,20230614103000,-349.55,-349.85,-348.90,,
889,-349.45,41,20230614094500,-349.50,-349.65,-348.90,,
890,-350.05,99,20230614090000,350.40,350.40,-348.50,,
891,+350.40,1,20230613154500,+350.40,+350.40,+350.40,,
892,+350.45,115,20230613150000,+349.70,+350.45,+349.70,,
893,+350.00,24,20230613141500,+350.35,+350.40,+349.75,,
894,+350.00,41,20230613133000,+350.35,+350.35,+349.95,,
895,+350.75,14,20230613124500,+351.05,+351.05,+350.75,,
896,+350.95,27,20230613120000,+349.60,+351.00,+349.60,,
897,+349.65,10,20230613111500,+349.25,+349.65,+349.05,,
898,+349.35,31,20230613103000,+350.05,+350.20,+349.35,,
899,+350.10,81,20230613094500,+350.75,+350.75,+349.65,,
