,date,basis,basis_risk,basis_disparate_ratio,cd_p_change(%),cd_p_range,cny_yesterday_change,cny_night_change,jpy_yesterday_change,jpy_night_change,kospi_p_change(%),kospi_p_range,ks200_p_change(%),ks200_p_range,NAS_close_change,NAS_day_change,NAS_day_fluc_range,niv_night_change,P/C Ratio,put_volume_fluc,call_volume_fluc,sp_close_change,sp_day_change,sp_day_fluc_range,usd_yesterday_change,usd_night_change,vix_close_change,vix_day_change,vix_day_fluc_range,VKOSPI_Label
0,2023-07-31,1.9543730654169291,-0.5300041318850526,1.880692003047514,-0.183689516081151,-0.184506241605777,0.9880011202017192,-1.3912402280068596,0.4475606031072665,0.4638452881132127,0.0145725800350342,-0.2830995710914955,0.0055208788013172,-0.4042018918091434,1.9325782361531492,0.9049242796928292,-0.3208438323259116,-0.0474875644044612,0.645046781901279,-0.0097680457829421,-0.429651317692133,1.4215207805624894,0.5970619890982632,-1.049935425701188,-2.0108277489347244,-0.6980479047098289,-1.335448374456301,-0.811372601037971,-0.8452531745785212,0
1,2023-08-01,2.5946177406282884,-0.5300041318850526,2.478271686782934,-0.183689516081151,-0.184506241605777,1.476325724500057,-1.538290575769626,1.7843336392583518,-1.5310862901596285,1.5884112238187342,1.354965572196794,1.1002839932395712,1.1802290533050448,0.294087992458088,0.1458691034672053,-1.601279860643963,-0.5435358540935634,-0.5458088154549308,-0.1447472173882588,0.452485608484201,0.3410887663816161,0.2393381345040366,-1.3641722975019568,0.7140161237558955,-0.8950579405338573,0.1887745911897995,-0.3968342272642832,-1.359882600904733,0
2,2023-08-02,2.4903918632683,0.0254287696699566,2.379541130339691,-0.183689516081151,-0.184506241605777,0.8789073256244311,-1.4945255913164217,1.2650567500202547,-2.1415908535259693,-0.0205969985970037,-0.2757125805918867,-0.566297355079378,-0.7866507406298092,-0.326405354266669,0.1518147053697559,-1.3486032157933912,0.300593627046236,-0.3969518657854043,0.5240846322305435,0.5536524371024943,-0.1991272407088206,0.0598162000951259,-1.6114711374398396,1.7762433961607134,-0.9607279524752004,0.1809500379780639,0.2392361225140152,-1.3202957219565628,1
3,2023-08-03,0.4058743160685267,-2.0265872277416053,0.3373775154873406,-1.4265029571219938,-1.4299233724447715,0.7334489328547136,-1.06562874367502,2.028331213719626,-2.383634329406059,1.0081131763901077,1.3180306196987497,0.9878752805963577,1.1119346160156398,-2.013371640674602,-1.027396338636109,0.7087192131100013,1.4660789647126156,1.4637600050836743,0.4549612203283795,-0.3066332945228479,-1.626840973733546,-0.968474880085326,0.1295374875865094,1.5563205654350782,-0.5995428867978146,2.2638461029420887,0.435245212728938,-0.0271243429830053,1
4,2023-08-04,2.2223824643426147,2.015730000242073,2.2184544329849256,-1.4311576891109108,-1.4299233724447715,-0.1522887802608881,-0.2568518309798053,-0.3991318347668997,-1.0670411548735963,0.4190227343034712,-0.5379507433280052,0.1179295914445307,-0.4724963290985478,-0.0064634723617161,0.5164782887261914,-0.4080754838901583,0.8377076752772745,-0.6946657651244572,-0.3113032203397912,0.7062606195595809,-0.1734026689426093,0.3449392723916312,-0.5664940844692362,-0.145882144381338,0.352672286351656,-0.329210831427099,-0.824717900797285,0.1972013043899586,0
5,2023-08-07,0.6589943039427848,1.75344224117443,0.6127838045132303,-0.183689516081151,-0.184506241605777,0.8737123830255126,-0.4284105700363661,0.2848955534664169,0.1293011208139804,0.999320781732098,-0.2535516090930596,1.8822576464097525,1.2485234905944491,-0.2585388944686487,-0.7350709117607054,0.7456122988279628,0.6561709490244296,0.1240474580579381,-0.0322331546511454,-0.3730273087354765,-0.5335466736695672,-0.9301944676010732,1.4069382623032438,0.6326446763874105,-1.4532530420352714,0.9962684826409164,1.156558664719854,1.67511145178831,0
6,2023-08-08,-0.9192832675084716,-1.5020117096063188,-0.987690478882505,-2.6879353261185046,-2.6753405032837665,-0.4795701639927527,-0.1798254583421659,-0.8954687811069282,0.5517209449613981,0.8366614805589223,0.1028706825130732,0.420944382047976,0.5246024553267601,0.6818963341610611,0.244962468509715,-0.7146980185238834,-0.7635309891396501,-0.9923796644635092,-0.2164784671030953,0.3307982670343672,1.305760207614539,0.909905360090262,-0.8925070915051422,0.4391125853488515,-0.4025328509737862,-1.3808307830843676,-1.094459772182417,0.052049414913335,1
7,2023-08-09,1.1056766354855936,-1.1625804919893687,1.0856512064256063,-0.183689516081151,-0.184506241605777,0.4892866307055447,0.117776435939623,-0.7286328327573388,1.3148516491693245,0.4322113262904854,1.5451805775617249,-0.0531271451864464,1.3304768153417348,-0.6754328617993449,0.152805639020181,-0.7447043949078251,-0.2198985665368758,-0.1736664412811147,1.8860043650992715,1.5317735367792582,-0.3920615289554051,0.1601372810883407,-0.2584551785816978,1.4089722688489028,-1.2234080002405716,0.0557571865902938,-0.2762260806894839,0.830591367560681,0
8,2023-08-10,0.8823354697141895,-0.0980007640089342,0.8674047132352788,-2.7018995220852555,-2.6753405032837665,1.6971107849540925,-1.4927749919382935,1.913631499229284,-0.7849140460452119,0.6608135873987323,-1.45578431290442,0.1325915974414716,-1.6061839881026652,-1.043850786417169,-1.162163315093922,0.3989812623489823,-0.1876326133967831,0.0496189832231749,-0.791082538406175,-0.9216183565493168,-0.752205533682363,-0.8721138417628961,-0.1227197250819576,-0.7264784174970148,-1.9129431256246712,-0.1930636055428991,0.1791822735971027,-0.0799068482472321,0
9,2023-08-11,1.9394836543655027,-0.9620074997611708,1.937851798883076,1.0823975849042766,1.0609108892332175,0.6555247938709362,-1.4787701969132685,0.5184658811558421,-1.6652122927173854,-1.330663802640419,0.3909633119978228,-1.2065382836124638,0.3606958058321888,0.206831115574919,-0.4863465655040062,1.390995344987503,-0.1876326133967831,-0.0248094916115882,-0.4921552016619985,-0.4876060083682408,0.1867413357843484,-0.4180289488462395,1.633783814727467,0.56666782716972,1.1078774236770987,-0.2713091376602554,0.3099662112383789,0.9361563780891342,0
10,2023-08-14,0.6441048928913581,-1.208866567118953,0.6491582200449516,-0.183689516081151,-0.184506241605777,0.3724004222298788,0.128280032208392,-0.173903304494954,0.0260086820626046,-2.5220332788007056,0.1970548113830879,-2.589654182657222,0.2377658187112606,-0.5687855678310273,0.1706424447278328,-1.073462780972327,-0.9163868681568572,0.8683322064055686,-2.0961325551190315,-2.43460347156558,0.0066693334208695,0.5165411214589724,-0.6718595049941489,1.960978573970247,-1.2234080002405716,-1.160178382513423,-0.7202909301806537,0.1576144254417885,1
11,2023-08-16,0.286759027657111,-0.2368589893976865,0.3269848253354202,1.0777428529153597,1.0609108892332175,-0.2068356775495322,-0.0537823031169376,0.4621587485878556,-0.1728678044885519,-1.4449649331945424,0.4574462264943041,-1.4509050502281458,0.2650835936270225,0.0032317361808581,0.5372878953851186,0.1482722487367016,1.2992085807961766,-1.0668081392982725,-0.542332514756433,0.3339848995730535,-0.5978581030850953,-0.1527060899036581,-0.0808834551676543,-0.3196211806545898,-0.862222934563186,1.5690257777399643,1.7057177498156209,0.1444187991257317,1
12,2023-08-17,0.6887731260456387,0.5500042878052432,0.8050485723237566,-0.183689516081151,-0.184506241605777,0.2736965128504275,0.0512536595707525,0.7895742972239249,-0.8049558625193594,1.6675427757408197,2.830516924493686,1.5548061791447392,2.313916712309162,-1.024460369332021,-0.7747082577777094,-0.0742340504600711,-0.5630909772087712,-0.7690942399592204,0.3557062847834085,0.235234308813764,-0.8293792489809968,-0.7559525900865421,0.2051526717279172,0.6458400462309487,-0.2055228151497578,0.1402623612770386,0.2629240295867974,-0.5549493956252739,0
13,2023-08-18,0.2272013834514035,0.6117190546446888,0.2906104098036989,-0.183689516081151,-0.184506241605777,-0.375671312014383,0.0705102527301624,-1.1561499504031616,0.2449269850879086,0.9421702164550364,1.2072257622046143,1.8138349517573615,1.6309723394151157,-1.043850786417169,-1.45151594101805,0.9153204931305856,1.0619397536649895,-0.0992379664463515,1.2591492783446925,0.9788402644072084,-0.8422415348641025,-1.2535979523818317,0.8212304835029944,-0.5065555867713797,-0.7637179166511718,0.8726405418954936,0.9355271374562176,0.2367881833381288,0
14,2023-08-21,-0.1897021259885511,0.5654329795151046,-0.1614716118048364,-0.183689516081151,-0.184506241605777,-0.2354078618435839,0.4328843240026936,0.5122095330927324,0.4561368971616175,0.6608135873987323,-0.5213300147038847,0.4258317173802897,-0.4315196667249053,-0.1034155577874594,0.8464591943177486,-0.0279947163602256,0.1294862997881685,-0.4713803406201676,-1.210755907850359,-1.186283946960207,0.1352921922519259,0.874264976053199,0.2119704342324703,-0.1656751991466451,0.4840123102343418,-0.6797508153128553,-0.4477131825966675,0.2499838096541855,0
15,2023-08-22,-0.755499745942775,0.7197198966137184,-0.7642476406162172,-0.183689516081151,-0.184506241605777,-2.199096164234771,1.6653062862049255,-0.534686042800941,0.0568422458689854,1.698316157043853,0.2266027733815238,1.075847316578003,0.1694713814218556,1.6029411457056222,1.2051771757716334,0.2533765507154275,-1.348229170284361,-0.2480949161158779,-0.5161912971643419,-0.6394437961456448,1.0356522040693203,0.7079431838802376,0.2578353819903736,-0.2360505049788484,0.1884972564982993,-0.3166915462883221,-0.8118730497789454,-0.4229931324647066,0
16,2023-08-23,0.9121142918170434,1.86144308314346,1.018098720438124,-1.440467153088745,-1.4299233724447715,-0.0821570551754886,1.4814933515014674,-1.2917041584372029,1.336435143833791,-0.7943277285018394,-0.560111714826832,-0.7862274450334915,-0.0354119304463582,0.1486598643194731,-0.5527391200824877,-1.0073831652197114,0.0369253837095187,1.687045429587964,0.9699306389995014,0.1542378136271553,-0.2119895265919263,-0.7097520922607194,-0.4505921218918325,-0.1062960348507236,0.4840123102343418,-0.3088669930765864,0.0307158137747356,-0.766079416682181,0
17,2023-08-24,-0.3385962365028204,1.4294397152673413,-0.3329509993115225,-0.183689516081151,-0.184506241605777,-1.2769938529267402,0.9388075442817349,-1.3855493793838471,2.0317320076676797,0.071723145312096,-0.9368482303068896,-0.1899725344912281,-1.1417818145347134,1.6320267713333454,1.4707473940855595,0.7993942193412579,-0.6660812922821985,-0.2480949161158779,-0.9035337616779228,-0.2877936428106147,1.563005925276652,1.3085496556159315,0.2262257558328999,-2.4286811273134314,1.7317425371198558,-1.0756732078266782,-0.6407195803657447,-0.4757756377289335,0
18,2023-08-25,-0.5172691691199439,-0.0517146888793501,-0.5044303868182083,-0.183689516081151,-0.184506241605777,-0.097741882972244,0.9388075442817349,-0.0550326912958715,1.1067250934762536,0.8498500725459366,0.6051860364864831,1.0074246219256122,-0.1310241426515245,-1.7225153843973726,-2.563343496795009,3.214169656534233,1.5247443340582385,3.324471875952753,1.042447382031408,-0.3479894816457985,-1.5882541160842294,-2.215888321382537,2.4581132811870767,-0.1634759708393888,0.4840123102343418,1.0306965167725533,1.767272944955456,0.3819400728147527,0
19,2023-08-28,-0.4428221138628091,0.0562861530896794,-0.4368779008307259,-0.183689516081151,-0.184506241605777,-0.7964616625267803,0.7182320226375855,0.2056484780003619,0.007508543778776,1.1004333202992072,-0.4566938478323063,0.7239591726514213,-0.8959218402928568,1.0018382160660138,0.6482724642327293,1.3324583156483374,-0.9128017622524024,0.645046781901279,-0.7693086636569934,0.0729261569806765,1.0099276323031092,0.6115821455578075,1.182571896244312,-0.8650298008541649,0.6153523341170276,-1.5467113111731632,-1.462122780551515,0.4743094570271495,0
20,2023-08-29,0.2718696166056843,-0.6071475904343594,0.3061994450315795,-0.183689516081151,-0.184506241605777,0.8503351413303794,0.0407500633019835,0.4579878498791159,-0.3948694638944941,-0.4734053234844929,-0.706004777194109,-0.8351007983566278,-0.5954263162194763,0.9048861306402708,0.1597421745731567,-1.090023677227945,-1.1979806410158482,1.2404745805793846,-0.5073937720131575,-0.7221561703915462,0.9584784887706866,0.3370191870500617,-1.1472434905389015,-0.1942651671409777,-0.9935629584458716,-0.762691079357253,-1.1706947970574977,-0.357015000884423,0
21,2023-08-30,-0.2641491812456859,0.6888625131939956,-0.2861838936278809,-0.183689516081151,-0.184506241605777,1.2763204344416952,-1.319465653503605,1.4423199451416933,-1.2859594578989006,0.1024965266151292,-1.2120136264173236,-0.0531271451864464,-1.2100762518241182,1.77745489947196,1.9463955462896056,1.7533674313728145,-0.7850416245663787,0.942760681240332,0.3823187983657417,0.5929075478263113,2.013185931185349,2.0530376777234736,1.572423952186488,-1.089351088194313,-0.6323778927684861,-0.8174629518394024,-0.6760846247279265,-0.7792750429982378,0
22,2023-08-31,-0.472600935965663,-0.0825720722990729,-0.4888413515903277,-0.183689516081151,-0.184506241605777,-1.5886904088618492,0.3313495600712598,-2.0216114324666568,0.5517209449613981,-0.7195923739087587,-0.7909551679396124,-0.3317052591283235,-0.9095807277507376,0.6140298743630409,0.4976505493681147,-0.8066847789140005,-0.9776595872511746,1.6126169547532008,-0.034840992463818,-0.2798095524939061,0.6369213416930458,0.5469014486016558,-0.9315542767584924,0.7470045483647408,-1.2234080002405716,-0.7799050964230713,-0.725462233837388,-0.8980356798427481,0
23,2023-09-01,0.5398790155313697,-0.9157214246315868,0.5504276636017081,-1.445121885077662,-1.4299233724447715,-0.5107398195862636,1.4517331620732887,-0.3198847593008447,1.7465215424586564,-0.1700677077831651,0.337407630875658,0.1325915974414716,1.9724445258621388,0.1971359070323447,0.0428120038229953,-1.1744678512046127,-0.0911606726950917,-1.215665088967799,-1.1433920009784315,-0.1624644356022823,-0.0576420959946586,-0.1527060899036581,-1.129269389390534,0.1554121337127821,-1.1905729942699002,-0.5123053765817128,-0.468398397223604,-1.307100095640506,0
24,2023-09-04,-0.8597256233027637,1.583726632365955,-0.9149416478190624,1.0823975849042766,1.0609108892332175,1.0347556035919856,-0.2953650172986251,0.1055469089906082,0.187884892046104,-0.7943277285018394,-0.8999132778088447,-0.2974939118021281,-1.3330062389450466,0.1971359070323447,0.0428120038229953,-1.1744678512046127,-0.1684034090001622,0.421761357396991,2.4147670464181425,1.4471351758341509,-0.0576420959946586,-0.1527060899036581,-1.129269389390534,-1.3818484530594075,0.2541672684396422,-0.7173086707291864,-0.5573114568700328,-1.3334913482726196,0
25,2023-09-05,0.0187496287314263,-0.7768631992428344,-0.0159739496779513,1.0777428529153597,1.0609108892332175,0.3022686971444792,-0.8608086164340242,0.8959322142967882,-0.6739132163422408,-0.662441808631697,-0.8943730349341381,-1.0012701996552913,-0.3222485670618578,0.0710981959788784,-0.5993130016524671,-0.1412974818318323,0.4967966956354868,0.3473328825622278,-0.5444376368461807,-0.5413235283060955,0.379675624030933,-0.31110779673505,-0.1977151126320425,-0.2756366145094628,1.0093724057650844,0.7098898350913925,0.2657599057856516,-1.6369907535419237,0
26,2023-09-06,-0.6959421017370672,-0.5145754401751912,-0.7538549504642968,1.073088120926443,1.0609108892332175,-0.5652867168749077,0.1948028085772625,0.5747730137238285,-1.040832625638173,-0.2535954570342553,-1.2563355694149776,-0.3854659477837734,-1.3739829013186895,0.0129269447234324,0.2766723453233181,-0.9939376850913876,0.7774127123387174,-0.620237290289694,-0.8053785167768498,-0.4899171924072881,-0.3920615289554051,-0.2662273131328223,-1.5377153430724009,1.7058680903285104,0.2541672684396422,0.0510624546632525,-0.1441076130722763,-1.029991943003315,1
27,2023-09-07,-0.2343703591428319,0.6117190546446888,-0.2498094780961595,1.073088120926443,1.0609108892332175,-0.4380106232014048,0.6587116437812276,-0.4762934608785848,-0.0664920093565379,-0.8075163204888537,-0.0577963608534217,-0.1704231931619736,-0.4861552165564288,-0.9372034924488516,-0.7350709117607054,0.3888151676178106,1.6189348437298223,0.1984759328927013,0.403652796857364,0.0414800468736403,-0.752205533682363,-0.6107510254910996,0.3024607365656306,0.5314801742536184,0.352672286351656,0.3280516383586938,0.2312289426584269,-0.502166890361047,1
28,2023-09-08,-0.0110291933714275,0.3648599872869068,-0.0107776046019911,-0.183689516081151,-0.184506241605777,-0.1237165959668365,0.3506061532306697,-0.8850415343350789,0.1647597191913184,0.1640432892211957,-0.2498581138432552,0.235225639420058,-0.4724963290985478,-0.7723849472250881,0.623499122972102,-0.7158458034128865,-0.0236954979476251,-0.9923796644635092,-0.2437507950717673,0.3709638441978087,-0.2634386701243488,0.6142221740049975,-0.9755598347424262,-0.2470466465151302,1.3048874595011275,-0.2181021758204531,-0.440873716470019,-0.3438193745683663,0
29,2023-09-11,0.6589943039427848,-0.5608615153047753,0.6803362905007128,-0.183689516081151,-0.184506241605777,-0.0094278587906298,0.1562896222584427,-0.5096606505485026,1.088224955192425,-0.6844227952767208,-0.2535516090930596,-0.4929873250946734,-0.3222485670618578,0.177745489947196,0.1389325679142297,-1.0760862892900485,-0.4900851842453291,-0.4713803406201676,1.1205882572135362,0.9641327296132716,0.3282264804985105,0.3040188314601884,-1.1119150848334898,-0.0403191856330331,1.4033924774131412,-0.7720805432113357,-0.4248593567588424,-0.3438193745683663,0
30,2023-09-12,-0.5470479912227979,1.383153640137757,-0.5771792178816508,1.0684333889375257,1.0609108892332175,0.7750084736460614,-0.4389141663051351,-0.3782773412232009,0.7166805113255357,-1.1240425281771955,0.9874627948412474,-0.8351007983566278,-0.0627297053621201,1.1957423869175003,0.3311736960966984,-0.7130583258253069,-1.190484510488352,-0.4713803406201676,-0.1270893276205242,-0.1222988584388408,1.0099276323031092,0.3119389168017579,-1.252608911063814,-1.8546825391195236,-0.5995428867978146,-0.2087127119663704,-0.4146835656923656,-1.267513216692336,1
31,2023-09-13,-0.5470479912227979,0.1334296116389862,-0.5823755629576111,2.3112468299783684,2.3063280200722125,0.0607038662947697,-0.6192259022523366,0.4517315018160062,-0.0587836184049427,0.7926995072688748,-0.2701723377171798,0.235225639420058,-0.5681085413037145,-0.917813075363703,-0.5210292432688846,-0.4248003494156344,-0.3281035811076918,-1.215665088967799,0.8119208033376909,1.4704921418045218,-0.5849958172019897,-0.2147467584126199,-0.7939594334847828,-0.0513153271693148,-0.5667078808271434,0.3249218170739995,0.2707643931953943,-1.1091657008996556,1
32,2023-09-14,0.1527543281942687,-0.591718898724498,0.1399164026008536,1.0591239249596915,1.0609108892332175,-0.0951444116727848,0.1090234390489821,-0.536771492155311,0.1755514665235517,0.2431748411432812,-1.4170026127814728,0.420944382047976,-1.1964173643662372,0.3716496607986826,0.3767566440162528,-0.6733777625197662,-1.0379545501897318,-0.917951189628746,0.1333488365872201,0.0121700311057235,0.3025019087322992,0.2617783763051505,-1.0672897302582325,-0.0909014366999292,1.9944225848852268,-0.9880382118552392,-1.0666014589348494,-0.3702106272004797,0
33,2023-09-15,0.8674460586627623,-0.6071475904343594,0.8154412624756769,2.2926279020227005,2.3063280200722125,-1.6588221339472489,1.238160037941652,-0.5075752011941328,0.7089721203739404,1.7950324982819574,0.8877384230965265,1.9604550117267707,0.7294857671949739,0.8758005050125478,0.3480195681539251,-0.4739911303729164,-0.4715078172858817,0.421761357396991,0.3452749335327184,-0.2367725042516484,1.228586492315905,0.6300623446881366,-0.6067808629052325,0.1488144487910131,-0.7308829106805004,-0.9301365180883956,-0.689263108240249,-1.1619482061638824,0
34,2023-09-18,0.2718696166056843,-0.4837180567554685,0.2178615787402563,1.0498144609818576,1.0609108892332175,0.7750084736460614,0.7059778269906882,0.5810293617869381,0.0398837857754759,0.036553566680058,-0.6746100675707709,-0.1068878338418963,-0.1856596924830483,-1.4219639195775682,-1.200809727460501,0.5852503529072234,-0.1876326133967831,1.1660461057446214,-1.8219953874615853,-2.131243057470642,-1.4210443996038562,-1.2786782226301352,0.4760037821360751,-0.3262188655763589,0.3855072923223275,1.021307052918471,1.4526575031296312,-0.0799068482472321,1
35,2023-09-19,-0.6066056354285057,-0.7768631992428344,-0.665517084172974,1.0451597289929406,1.0609108892332175,1.1594342259660293,-1.1829189020096074,0.1806230857479235,-0.4472865223653415,-1.453757327852552,-0.5250235099536895,-1.5682010982036727,-0.3359074545197387,0.1001838216066014,0.3817113122683783,-1.442885545961515,1.463471614963921,0.8683322064055686,-1.2966888767378215,-1.331538362020325,0.238190479316771,0.3700195426399349,-1.167696778052561,-1.0365696088201604,-0.7965529226218433,0.0745361142984594,-0.4425418789399333,-0.8716444272106347,1
36,2023-09-20,-0.5172691691199439,0.2260017618981545,-0.5615901826537704,1.0405049970040237,1.0609108892332175,0.4295447908179822,-0.981599973524868,2.155543624336188,-1.5989201305336669,0.1332699079181624,-0.7780279345652966,-0.0531271451864464,-0.9915340524980234,-0.1325011834151824,0.2984728856326702,-0.8122597340891592,0.0242145536846337,-0.8435227147939829,-0.4826350226591096,0.2784464467559496,-0.1348158112932924,0.07697638500186,-0.6104996424531703,0.6898246123760756,-1.0592329703872143,-0.0397023625928808,0.0208736552022416,-0.7001012851018975,0
37,2023-09-21,-0.8150573901484829,-0.1751442225582411,-0.8473891618315802,1.0358502650151065,1.0609108892332175,-0.6613931549548996,0.2333159948960822,-1.7421612189810942,-0.211409759246528,-1.9197542447270557,0.48699418849274,-2.0276106194411545,0.6748502173634502,-1.3928782939498452,-1.65366640570477,1.3890277137492115,0.6809407716370262,-1.0668081392982725,-0.6774059455597982,-0.6349264818875071,-1.0609003948768982,-1.380319317846945,1.0263831552309122,0.5820624253205144,-0.6980479047098289,0.979054465575098,1.15021964733418,0.0388537885972783,1
38,2023-09-22,-1.5148597095655494,-0.591718898724498,-1.5592884372381248,1.0358502650151065,1.0609108892332175,0.0607038662947697,0.3663615476338231,-0.1029980264463785,1.3503102475466624,1.3773937520265065,-0.8241966251878527,1.393524113178389,-0.6227440911352382,-1.6740393416845007,-0.6845332955890255,-0.5927048817498239,1.7232288336775972,-1.6622359379763785,1.1598629230670383,1.833873305034716,-1.961260406694293,-1.2179575683447683,0.2132100274151165,0.848169050498533,-0.5667078808271434,2.3170530647818905,2.228519867886743,1.173677651778155,0
39,2023-09-25,-0.9192832675084716,-0.4837180567554685,-0.9409233731988634,-0.183689516081151,-0.184506241605777,2.5854459693691534,-1.8323912712951589,2.061698403389544,-1.4123770695050624,-0.5305558887615546,-0.7263190010680339,-0.2779445704728736,-0.4451785541827859,0.0032317361808581,-0.4724734943980548,-0.3810205543636531,-0.4617302557282779,0.1240474580579381,0.5952503267570897,-0.274521843556086,-0.1476780971763981,-0.5381502431933782,-0.1351156569084181,-0.9793896728314953,1.7974125490611987,-0.4669229679536461,-0.0850546616373123,-0.0931024745632889,0
40,2023-09-26,-0.2790385922971128,0.7968633551630251,-0.2290240977923188,-0.183689516081151,-0.184506241605777,0.1594077756742209,-1.8761562557483629,-0.4929770557135436,-1.1595418462927392,-0.6316684273286637,2.457473904263433,-0.6738187323902778,2.8329544357086367,0.5267729974798718,0.8325861232117973,-0.4916998115175377,-0.7058433759497875,-2.6298061108282997,-1.2136151035244938,-0.0957902778697691,0.662645913459257,0.9415857014565404,-0.4512119184831554,0.3335496266005467,2.158597614738584,-0.4356247551067037,-0.317596509943357,0.0916362938615051,1
41,2023-09-27,0.92700370286847,1.383153640137757,1.0804548613496463,-0.183689516081151,-0.184506241605777,-1.9159717925937136,0.1545390228803145,-1.5023345432285595,0.1632180410009994,0.3047216037493477,0.2081352971325011,-0.1557611871650326,0.128494719048213,-1.4316591281201425,-0.792545063485361,-0.1654009645009005,1.118323691980505,-0.0248094916115882,1.190057286175211,-0.3035166978641327,-1.7426015466814972,-1.0833161175380852,0.2441998569812673,2.10392841394191,0.8451973759117273,1.7255168419746771,0.862795253767957,1.0285257623015316,0
42,2023-10-04,-2.303998495291178,-3.2145964894009307,-2.380310959239833,1.0311955330261895,1.0609108892332175,-1.201667185242422,2.188735500265248,0.061752472548841,1.151433760995506,-1.1284387255062005,1.916376850167076,-1.1039042416338778,1.152911278389283,0.9533621733531424,-1.3553953769268157,0.9265523881158318,2.84667065664628,-0.5458088154549308,0.4373347502933277,0.8129602826955932,-1.5882541160842294,-1.3750392609525652,0.9904349529341774,0.5688670554769762,0.352672286351656,1.176233206510836,1.866028163174379,1.859850220213104,1
43,2023-10-05,0.1378649171428417,-0.7305771241132505,0.2906104098036989,-1.3939198331995748,-1.4299233724447715,-0.2639800461376356,1.0683518982632192,-1.2062007349080384,0.9340571361605208,1.1839610695502971,0.9560680852179096,1.0025372865932989,1.0026635163525928,1.3993417663115617,1.1724763653076054,0.1710639772469087,-2.493181628679773,1.2404745805793846,1.188329200877657,0.3702284674581119,1.1899996346665882,1.0537869104621098,0.3055597195222459,-1.753518036985731,0.2870022744103136,-1.1132310632430094,-1.702004543725182,1.3584164202029492,1
44,2023-10-06,-1.1128456111770215,0.6580051297742728,-1.0812246902497882,-1.3985745651884918,-1.4299233724447715,-1.3029685659213326,0.5939394667904853,-1.058133830747778,0.6210964635257551,-0.0821437612030702,-0.2757125805918867,0.1325915974414716,-0.5544496538458334,-0.0258538894468648,0.0269570654161938,-0.2001624497107128,-0.5787350757009374,0.421761357396991,-0.5366141234081632,-0.2348114996124568,-0.0190552383453417,0.0862164845670245,-0.1159019625774045,-1.1795194487918232,-0.4682028629151291,-0.2384460141709657,-0.1399372068974907,-0.3042324956201961,1
45,2023-10-10,-0.9192832675084716,-0.0671433805892115,-0.8889599224392616,-0.183689516081151,-0.184506241605777,-0.8977630432056908,1.4744909539889548,-1.0664756281652572,1.5877286888557949,-1.13723112016421,0.0659357300150284,-1.3580456789141866,0.0738591692166893,2.0198351130363186,3.556662728230388,2.07769864715116,0.4651825799325677,-0.5458088154549308,-0.6584598467520686,-0.2974585942466302,2.476228222977152,3.8535370787069607,2.364833894192964,0.2587758641538307,0.8451973759117273,-0.5404737681439612,-1.5500349427159952,0.6458525991358869,1
46,2023-10-11,0.1080860950399878,-0.931150116341448,0.2022725435123758,-0.183689516081151,-0.184506241605777,1.8010096369324622,-0.592966911580414,0.7749761517433358,0.2202601340428039,0.0101763827060295,0.1250316540119003,0.4453810587095442,-0.267613017230334,0.6528107085333381,0.5075598858723657,-0.1311313871006607,-0.8212186023295129,-0.8435227147939829,1.6928044288327229,2.1136666455193693,0.8169933440565247,0.6828629136319339,0.1692044694311824,-1.102546458037851,1.1735474356184417,-0.7564314367878645,-0.610525839660297,-0.2646456166720259,0
47,2023-10-12,-1.1724032553827295,1.460297098687064,-1.185151591768992,-0.183689516081151,-0.184506241605777,0.4840916881066262,-1.433254613081936,0.9960337833065416,-1.1965421228603963,0.7487375339788274,-0.9073002683084538,1.3544254305198802,-0.663720753508881,0.7788484195868044,0.3836931795692285,-0.885390028445652,-0.6448965755740568,-0.9923796644635092,0.7441484399408874,0.9772644571078578,0.7012327711085741,0.4333802253724917,-0.6067808629052325,-0.7572676137986037,0.7795273639703848,-1.0271609779139173,-0.8255519820322421,0.1840056780739019,0
48,2023-10-13,-0.502379758068517,0.8277207385827479,-0.4628596262105268,-0.183689516081151,-0.184506241605777,-1.1029632758629708,0.4503903177839753,-0.6222749156844755,-0.3023687724753515,0.3662683663554141,-0.6099739006991924,0.4160570467156624,-0.4042018918091434,-0.5203095251181555,-0.6230954092626695,0.7667643346395944,-0.4711818985672949,-0.0992379664463515,-0.0618619625710276,-0.4555996112214356,-0.6493072466175179,-0.8232733154898836,1.0741074927627845,1.4771483463738495,-0.8950579405338573,0.4203813662571742,0.6537744962877031,1.4375901780992897,0
49,2023-10-16,0.0336390397828533,0.6888625131939956,0.1347200575248934,-0.183689516081151,-0.184506241605777,0.8633224978276757,0.2875845756180555,0.5142949824471024,0.186343213855785,-0.7723467418568157,0.0844032062640508,-1.2651863076002274,0.4153313556637126,-1.1020220376726153,-1.4128695286514716,1.3424604411096517,0.5740394319405573,0.421761357396991,-2.5688110135991025,-2.876249730663509,-0.4949598160202502,-0.8694738133157063,1.3660316872759242,0.3885303342819554,0.1228272445569564,2.302968869000767,2.8363982719234904,3.60167289393259,1
50,2023-10-17,-0.5470479912227979,0.7351485883235797,-0.5044303868182083,-0.183689516081151,-0.184506241605777,0.032131682000718,-0.5632067221522351,0.109717807699348,-0.3763693256106655,-0.3459156009433551,-1.320971736286556,-0.0922258278449554,-1.2920295765714038,1.2539136381729463,0.930688554603882,-0.4088953302394466,-1.5718094112349024,-0.3969518657854043,1.639202364875863,2.4777481675492745,1.5115567817442292,1.0709470953688438,-0.1320166739518028,-0.909014366999292,-1.1577379882992287,-1.8722127247813651,-1.6297731087778955,1.1604820254620989,0
51,2023-10-18,-0.4130432917599552,-0.005428613749766,-0.374521759919204,-0.183689516081151,-0.184506241605777,0.2295395007596204,-0.2218398434172419,0.5393203746995406,-0.4919951898845938,-0.1832562997701793,-0.7761811869403944,0.5186910886942488,-0.0354119304463582,-0.1518916005003311,0.930688554603882,1.011570454537001,-0.2801935294754329,0.8683322064055686,0.3834813284750053,-0.1413486177909874,0.1352921922519259,0.9706260143756292,0.8020167891719808,0.7030199822196137,-0.5995428867978146,0.4454199365347283,0.4712775220790856,0.0256581622812215,0
52,2023-10-19,-1.2319608995884377,-0.7151484324033891,-1.2319186974526335,-0.183689516081151,-0.184506241605777,-1.5912878801613084,0.9248027492567094,-1.118611862024504,0.4653869663035317,1.6235808024507723,-0.5305637528283961,1.5792428558063072,-0.8686040653770949,-1.4801351708330144,-0.8351552104536403,0.797262618833109,1.98526748342138,1.1660461057446214,-0.9110744975217951,-1.0818254319832703,-1.575391830201124,-1.1743970989661354,1.0703887132148462,-0.0183269025604696,1.9615875789145556,1.0087877677796937,0.8022409561100702,0.9493520044051912,1
53,2023-10-20,-1.351076187999853,0.0100000779600953,-1.3254529088199167,-0.183689516081151,-0.184506241605777,-1.4873890281829387,2.074946540686917,-0.9476050149661748,1.4828945719141,-1.8450188901339744,2.4888686138867717,-1.1478902596247005,2.0680567380673054,-0.8402514070231084,-1.162163315093922,1.1737360624261743,0.2474688759165884,1.017189156075095,0.536841043699761,0.7145598713361593,-0.9451398219289476,-1.203437411885224,1.658575678380387,0.0190599786628883,0.6481873400876991,1.6112783650833369,1.432806369737652,1.7146983307364805,1
